time,projectId,userId,device1,device1_value0,device1_value1,device1_value2,device1_value3,device1_value4,device1_value5,device1_value6,device1_value7,device1_value8,device1_value9,device1_value10,device1_value11,device1_value12,device2,device2_value0,device2_value1,device2_value2,device2_value3,device2_value4,device2_value5,device2_value6,device2_value7,device2_value8,device2_value9,device2_value10,device2_value11,device2_value12,1d_signal,timestamp,alignment_point
1668608993.0939405,SCAI-SENSEI,sensei-188,Sensomative_3001,10,0,0,0,6,0,0,6,0,0,0,0,127,Sensomative_3755,0,0,2,0,0,0,0,0,0,0,0,0,153,149,2022-11-16 14:29:53.093940496,
1668608993.2264974,SCAI-SENSEI,sensei-188,Sensomative_3001,10,0,0,0,7,0,0,6,0,0,0,0,128,Sensomative_3755,0,0,2,0,0,0,0,0,0,0,0,0,154,151,2022-11-16 14:29:53.226497412,
1668608993.292776,SCAI-SENSEI,sensei-188,Sensomative_3001,10,0,0,0,7,0,0,6,0,0,0,0,129,Sensomative_3755,0,0,2,0,0,0,0,0,0,0,0,0,155,152,2022-11-16 14:29:53.292776108,
1668608993.4253328,SCAI-SENSEI,sensei-188,Sensomative_3001,10,0,0,0,7,0,0,6,0,0,0,0,130,Sensomative_3755,0,0,2,0,0,0,0,0,0,0,0,0,156,153,2022-11-16 14:29:53.425332785,
1668608993.4926152,SCAI-SENSEI,sensei-188,Sensomative_3001,10,0,0,0,6,0,0,6,0,0,0,0,131,Sensomative_3755,0,0,2,0,0,0,0,0,0,0,0,0,157,153,2022-11-16 14:29:53.492615223,
1668608993.6261764,SCAI-SENSEI,sensei-188,Sensomative_3001,10,0,0,0,7,0,0,6,0,0,0,0,132,Sensomative_3755,0,0,2,0,0,0,0,0,0,0,0,0,158,155,2022-11-16 14:29:53.626176357,
1668608993.693459,SCAI-SENSEI,sensei-188,Sensomative_3001,10,0,0,0,7,0,0,6,0,0,0,0,133,Sensomative_3755,0,0,2,0,0,0,0,0,0,0,0,0,159,156,2022-11-16 14:29:53.693459034,
1668608993.8250115,SCAI-SENSEI,sensei-188,Sensomative_3001,11,0,0,0,7,0,0,6,0,0,0,0,134,Sensomative_3755,0,0,2,0,0,0,0,0,0,0,0,0,160,158,2022-11-16 14:29:53.825011492,
1668608993.909366,SCAI-SENSEI,sensei-188,Sensomative_3001,10,0,0,0,7,0,0,6,0,0,0,0,135,Sensomative_3755,0,0,2,0,0,0,0,0,0,0,0,0,161,158,2022-11-16 14:29:53.909365892,
1668608994.024851,SCAI-SENSEI,sensei-188,Sensomative_3001,11,0,0,0,7,0,0,6,0,0,0,0,136,Sensomative_3755,0,0,2,0,0,0,0,0,0,0,0,0,162,160,2022-11-16 14:29:54.024851084,
1668608994.108201,SCAI-SENSEI,sensei-188,Sensomative_3001,11,0,0,0,7,0,0,6,0,0,0,0,137,Sensomative_3755,0,0,2,0,0,0,0,0,0,0,0,0,162,161,2022-11-16 14:29:54.108201027,
1668608994.221678,SCAI-SENSEI,sensei-188,Sensomative_3001,11,0,0,0,7,0,0,6,0,0,0,0,138,Sensomative_3755,0,0,2,0,0,0,0,0,0,0,0,0,164,162,2022-11-16 14:29:54.221678019,
1668608994.305028,SCAI-SENSEI,sensei-188,Sensomative_3001,11,0,0,0,7,0,0,6,0,0,0,0,139,Sensomative_3755,0,0,2,0,0,0,0,0,0,0,0,0,164,163,2022-11-16 14:29:54.305027962,
1668608994.4225218,SCAI-SENSEI,sensei-188,Sensomative_3001,11,0,0,0,7,0,0,6,0,0,0,0,140,Sensomative_3755,0,0,2,0,0,0,0,0,0,0,0,0,166,164,2022-11-16 14:29:54.422521830,
1668608994.5410194,SCAI-SENSEI,sensei-188,Sensomative_3001,11,0,0,0,7,0,0,6,0,0,0,0,141,Sensomative_3755,0,0,2,0,0,0,0,0,0,0,0,0,167,165,2022-11-16 14:29:54.541019440,
1668608994.6233652,SCAI-SENSEI,sensei-188,Sensomative_3001,11,0,0,0,7,0,0,6,0,0,0,0,142,Sensomative_3755,0,0,2,0,0,0,0,0,0,0,0,0,168,166,2022-11-16 14:29:54.623365164,
1668608994.740859,SCAI-SENSEI,sensei-188,Sensomative_3001,11,0,0,0,7,0,0,6,0,0,0,0,143,Sensomative_3755,0,0,2,0,0,0,0,0,0,0,0,0,169,167,2022-11-16 14:29:54.740859032,
1668608994.8232048,SCAI-SENSEI,sensei-188,Sensomative_3001,10,0,0,0,7,0,0,6,0,0,0,0,144,Sensomative_3755,0,0,2,0,0,0,0,0,0,0,0,0,170,167,2022-11-16 14:29:54.823204756,
1668608994.9396942,SCAI-SENSEI,sensei-188,Sensomative_3001,10,0,0,0,7,0,0,6,0,0,0,0,145,Sensomative_3755,0,0,2,0,0,0,0,0,0,0,0,0,171,168,2022-11-16 14:29:54.939694166,
1668608995.02204,SCAI-SENSEI,sensei-188,Sensomative_3001,10,0,0,0,7,0,0,6,0,0,0,0,146,Sensomative_3755,0,0,2,0,0,0,0,0,0,0,0,0,172,169,2022-11-16 14:29:55.022039890,
1668608995.1395338,SCAI-SENSEI,sensei-188,Sensomative_3001,11,0,0,0,7,0,0,6,0,0,0,0,147,Sensomative_3755,0,0,2,0,0,0,0,0,0,0,0,0,173,171,2022-11-16 14:29:55.139533758,
1668608995.222884,SCAI-SENSEI,sensei-188,Sensomative_3001,10,0,0,0,7,0,0,6,0,0,0,0,148,Sensomative_3755,0,0,2,0,0,0,0,0,0,0,0,0,174,171,2022-11-16 14:29:55.222883940,
1668608995.3564448,SCAI-SENSEI,sensei-188,Sensomative_3001,10,0,0,0,6,0,0,6,0,0,0,0,149,Sensomative_3755,0,0,2,0,0,0,0,0,0,0,0,0,175,171,2022-11-16 14:29:55.356444836,
1668608995.4227233,SCAI-SENSEI,sensei-188,Sensomative_3001,10,0,0,0,6,0,0,6,0,0,0,0,150,Sensomative_3755,0,0,2,0,0,0,0,0,0,0,0,0,176,172,2022-11-16 14:29:55.422723293,
1668608995.5562844,SCAI-SENSEI,sensei-188,Sensomative_3001,10,0,0,0,6,0,0,6,0,0,0,0,151,Sensomative_3755,0,0,2,0,0,0,0,0,0,0,0,0,177,173,2022-11-16 14:29:55.556284428,
1668608995.622563,SCAI-SENSEI,sensei-188,Sensomative_3001,10,0,0,0,6,0,0,6,0,0,0,0,152,Sensomative_3755,0,0,2,0,0,0,0,0,0,0,0,0,178,174,2022-11-16 14:29:55.622562885,
1668608995.7551196,SCAI-SENSEI,sensei-188,Sensomative_3001,10,0,0,0,6,0,0,6,0,0,0,0,153,Sensomative_3755,0,0,2,0,0,0,0,0,0,0,0,0,179,175,2022-11-16 14:29:55.755119562,
1668608995.8224022,SCAI-SENSEI,sensei-188,Sensomative_3001,9,0,0,0,6,0,0,6,0,0,0,0,154,Sensomative_3755,0,0,2,0,0,0,0,0,0,0,0,0,180,175,2022-11-16 14:29:55.822402239,
1668608995.9549592,SCAI-SENSEI,sensei-188,Sensomative_3001,10,0,0,0,6,0,0,6,0,0,0,0,155,Sensomative_3755,0,0,2,0,0,0,0,0,0,0,0,0,181,177,2022-11-16 14:29:55.954959154,
1668608996.038309,SCAI-SENSEI,sensei-188,Sensomative_3001,10,0,0,0,6,0,0,6,0,0,0,0,156,Sensomative_3755,0,0,2,0,0,0,0,0,0,0,0,0,182,178,2022-11-16 14:29:56.038309097,
1668608996.1537943,SCAI-SENSEI,sensei-188,Sensomative_3001,8,0,0,0,6,0,0,6,0,0,0,0,157,Sensomative_3755,0,0,2,0,0,0,0,0,0,0,0,0,183,177,2022-11-16 14:29:56.153794289,
1668608996.2371445,SCAI-SENSEI,sensei-188,Sensomative_3001,8,0,0,0,7,0,0,6,0,0,0,0,158,Sensomative_3755,0,0,2,0,0,0,0,0,0,0,0,0,184,179,2022-11-16 14:29:56.237144470,
1668608996.353634,SCAI-SENSEI,sensei-188,Sensomative_3001,9,0,0,0,7,0,0,6,0,0,0,0,159,Sensomative_3755,0,0,2,0,0,0,0,0,0,0,0,0,185,181,2022-11-16 14:29:56.353634119,
1668608996.4369838,SCAI-SENSEI,sensei-188,Sensomative_3001,9,0,0,0,6,0,0,6,0,0,0,0,160,Sensomative_3755,0,0,2,0,0,0,0,0,0,0,0,0,186,181,2022-11-16 14:29:56.436983824,
1668608996.5534737,SCAI-SENSEI,sensei-188,Sensomative_3001,9,0,0,0,7,0,0,6,0,0,0,0,161,Sensomative_3755,0,0,2,0,0,0,0,0,0,0,0,0,187,183,2022-11-16 14:29:56.553473711,
1668608996.6358194,SCAI-SENSEI,sensei-188,Sensomative_3001,10,0,0,0,7,0,0,6,0,0,0,0,162,Sensomative_3755,0,0,2,0,0,0,0,0,0,0,0,0,188,185,2022-11-16 14:29:56.635819435,
1668608996.7523086,SCAI-SENSEI,sensei-188,Sensomative_3001,10,0,0,0,6,0,0,6,0,0,0,0,163,Sensomative_3755,0,0,2,0,0,0,0,0,0,0,0,0,189,185,2022-11-16 14:29:56.752308607,
1668608996.8356588,SCAI-SENSEI,sensei-188,Sensomative_3001,10,0,0,0,7,0,0,6,0,0,0,0,164,Sensomative_3755,0,0,2,0,0,0,0,0,0,0,0,0,190,187,2022-11-16 14:29:56.835658789,
1668608996.9531524,SCAI-SENSEI,sensei-188,Sensomative_3001,10,0,0,0,7,0,0,6,0,0,0,0,165,Sensomative_3755,0,0,2,0,0,0,0,0,0,0,0,0,191,188,2022-11-16 14:29:56.953152418,
1668608997.0354984,SCAI-SENSEI,sensei-188,Sensomative_3001,10,0,0,0,7,0,0,6,0,0,0,0,166,Sensomative_3755,0,0,2,0,0,0,0,0,0,0,0,0,192,189,2022-11-16 14:29:57.035498381,
1668608997.1519878,SCAI-SENSEI,sensei-188,Sensomative_3001,10,0,0,0,7,0,0,6,0,0,0,0,167,Sensomative_3755,0,0,2,0,0,0,0,0,0,0,0,0,193,190,2022-11-16 14:29:57.151987791,
1668608997.2353375,SCAI-SENSEI,sensei-188,Sensomative_3001,10,0,0,0,6,0,0,6,0,0,0,0,168,Sensomative_3755,0,0,2,0,0,0,0,0,0,0,0,0,193,190,2022-11-16 14:29:57.235337496,
1668608997.3518271,SCAI-SENSEI,sensei-188,Sensomative_3001,10,0,0,0,6,0,0,6,0,0,0,0,169,Sensomative_3755,0,0,2,0,0,0,0,0,0,0,0,0,195,191,2022-11-16 14:29:57.351827145,
1668608997.435177,SCAI-SENSEI,sensei-188,Sensomative_3001,10,0,0,0,7,0,0,6,0,0,0,0,170,Sensomative_3755,0,0,2,0,0,0,0,0,0,0,0,0,195,193,2022-11-16 14:29:57.435177088,
1668608997.5506625,SCAI-SENSEI,sensei-188,Sensomative_3001,10,0,0,0,7,0,0,6,0,0,0,0,171,Sensomative_3755,0,0,2,0,0,0,0,0,0,0,0,0,197,194,2022-11-16 14:29:57.550662518,
1668608997.6852276,SCAI-SENSEI,sensei-188,Sensomative_3001,10,0,0,0,6,0,0,6,0,0,0,0,172,Sensomative_3755,0,0,2,0,0,0,0,0,0,0,0,0,198,194,2022-11-16 14:29:57.685227633,
1668608997.751506,SCAI-SENSEI,sensei-188,Sensomative_3001,10,0,0,0,7,0,0,6,0,0,0,0,173,Sensomative_3755,0,0,2,0,0,0,0,0,0,0,0,0,199,196,2022-11-16 14:29:57.751506090,
1668608997.8830588,SCAI-SENSEI,sensei-188,Sensomative_3001,10,0,0,0,7,0,0,6,0,0,0,0,174,Sensomative_3755,0,0,2,0,0,0,0,0,0,0,0,0,200,197,2022-11-16 14:29:57.883058786,
1668608997.9664087,SCAI-SENSEI,sensei-188,Sensomative_3001,10,0,0,0,7,0,0,6,0,0,0,0,175,Sensomative_3755,0,0,2,0,0,0,0,0,0,0,0,0,201,198,2022-11-16 14:29:57.966408730,
1668608998.0839024,SCAI-SENSEI,sensei-188,Sensomative_3001,10,0,0,0,6,0,0,6,0,0,0,0,176,Sensomative_3755,0,0,2,0,0,0,0,0,0,0,0,0,202,198,2022-11-16 14:29:58.083902359,
1668608998.1672523,SCAI-SENSEI,sensei-188,Sensomative_3001,10,0,0,0,6,0,0,6,0,0,0,0,177,Sensomative_3755,0,0,2,0,0,0,0,0,0,0,0,0,203,199,2022-11-16 14:29:58.167252302,
1668608998.2827375,SCAI-SENSEI,sensei-188,Sensomative_3001,9,0,0,0,6,0,0,6,0,0,0,0,178,Sensomative_3755,0,0,2,0,0,0,0,0,0,0,0,0,204,199,2022-11-16 14:29:58.282737494,
1668608998.3660877,SCAI-SENSEI,sensei-188,Sensomative_3001,9,0,0,0,6,0,0,6,0,0,0,0,179,Sensomative_3755,0,0,2,0,0,0,0,0,0,0,0,0,205,200,2022-11-16 14:29:58.366087675,
1668608998.4815729,SCAI-SENSEI,sensei-188,Sensomative_3001,10,0,0,0,6,0,0,6,0,0,0,0,180,Sensomative_3755,0,0,2,0,0,0,0,0,0,0,0,0,206,202,2022-11-16 14:29:58.481572866,
1668608998.5649233,SCAI-SENSEI,sensei-188,Sensomative_3001,10,0,0,0,6,0,0,6,0,0,0,0,181,Sensomative_3755,0,0,2,0,0,0,0,0,0,0,0,0,207,203,2022-11-16 14:29:58.564923286,
1668608998.682417,SCAI-SENSEI,sensei-188,Sensomative_3001,10,0,0,0,6,0,0,6,0,0,0,0,182,Sensomative_3755,0,0,2,0,0,0,0,0,0,0,0,0,208,204,2022-11-16 14:29:58.682416916,
1668608998.766771,SCAI-SENSEI,sensei-188,Sensomative_3001,10,0,0,0,6,0,0,6,0,0,0,0,183,Sensomative_3755,0,0,2,0,0,0,0,0,0,0,0,0,209,205,2022-11-16 14:29:58.766771078,
1668608998.8822565,SCAI-SENSEI,sensei-188,Sensomative_3001,10,0,0,0,6,0,0,6,0,0,0,0,184,Sensomative_3755,0,0,2,0,0,0,0,0,0,0,0,0,210,206,2022-11-16 14:29:58.882256508,
1668608998.9656065,SCAI-SENSEI,sensei-188,Sensomative_3001,10,0,0,0,6,0,0,6,0,0,0,0,185,Sensomative_3755,0,0,2,0,0,0,0,0,0,0,0,0,211,207,2022-11-16 14:29:58.965606451,
1668608999.0810914,SCAI-SENSEI,sensei-188,Sensomative_3001,10,0,0,0,6,0,0,6,0,0,0,0,186,Sensomative_3755,0,0,2,0,0,0,0,0,0,0,0,0,212,208,2022-11-16 14:29:59.081091404,
1668608999.1644416,SCAI-SENSEI,sensei-188,Sensomative_3001,10,0,0,0,6,0,0,6,0,0,0,0,187,Sensomative_3755,0,0,2,0,0,0,0,0,0,0,0,0,213,209,2022-11-16 14:29:59.164441586,
1668608999.2809308,SCAI-SENSEI,sensei-188,Sensomative_3001,10,0,0,0,6,0,0,6,0,0,0,0,188,Sensomative_3755,0,0,2,0,0,0,0,0,0,0,0,0,214,210,2022-11-16 14:29:59.280930758,
1668608999.3652854,SCAI-SENSEI,sensei-188,Sensomative_3001,10,0,0,0,6,0,0,6,0,0,0,0,189,Sensomative_3755,0,0,2,0,0,0,0,0,0,0,0,0,215,211,2022-11-16 14:29:59.365285397,
1668608999.4797664,SCAI-SENSEI,sensei-188,Sensomative_3001,10,0,0,0,6,0,0,6,0,0,0,0,190,Sensomative_3755,0,0,2,0,0,0,0,0,0,0,0,0,216,212,2022-11-16 14:29:59.479766369,
1668608999.561108,SCAI-SENSEI,sensei-188,Sensomative_3001,10,0,0,0,6,0,0,6,0,0,0,0,191,Sensomative_3755,0,0,2,0,0,0,0,0,0,0,0,0,217,213,2022-11-16 14:29:59.561108112,
1668608999.6796055,SCAI-SENSEI,sensei-188,Sensomative_3001,10,0,0,0,6,0,0,6,0,0,0,0,192,Sensomative_3755,0,0,2,0,0,0,0,0,0,0,0,0,218,214,2022-11-16 14:29:59.679605484,
1668608999.762956,SCAI-SENSEI,sensei-188,Sensomative_3001,10,0,0,0,6,0,0,6,0,0,0,0,193,Sensomative_3755,0,0,2,0,0,0,0,0,0,0,0,0,219,215,2022-11-16 14:29:59.762955904,
1668608999.8794453,SCAI-SENSEI,sensei-188,Sensomative_3001,9,0,0,0,6,0,0,6,0,0,0,0,194,Sensomative_3755,0,0,2,0,0,0,0,0,0,0,0,0,220,215,2022-11-16 14:29:59.879445314,
1668608999.961791,SCAI-SENSEI,sensei-188,Sensomative_3001,9,0,0,0,6,0,0,6,0,0,0,0,195,Sensomative_3755,0,0,2,0,0,0,0,0,0,0,0,0,221,216,2022-11-16 14:29:59.961791039,
1668609000.080289,SCAI-SENSEI,sensei-188,Sensomative_3001,9,0,0,0,6,0,0,6,0,0,0,0,196,Sensomative_3755,0,0,2,0,0,0,0,0,0,0,0,0,222,217,2022-11-16 14:30:00.080288887,
1668609000.1626348,SCAI-SENSEI,sensei-188,Sensomative_3001,9,0,0,0,6,0,0,6,0,0,0,0,197,Sensomative_3755,0,0,2,0,0,0,0,0,0,0,0,0,223,218,2022-11-16 14:30:00.162634850,
1668609000.296196,SCAI-SENSEI,sensei-188,Sensomative_3001,9,0,0,0,6,0,0,6,0,0,0,0,198,Sensomative_3755,0,0,2,0,0,0,0,0,0,0,0,0,224,219,2022-11-16 14:30:00.296195984,
1668609000.3634784,SCAI-SENSEI,sensei-188,Sensomative_3001,9,0,0,0,6,0,0,6,0,0,0,0,199,Sensomative_3755,0,0,2,0,0,0,0,0,0,0,0,0,224,220,2022-11-16 14:30:00.363478422,
1668609000.496035,SCAI-SENSEI,sensei-188,Sensomative_3001,10,0,0,0,6,0,0,6,0,0,0,0,200,Sensomative_3755,0,0,2,0,0,0,0,0,0,0,0,0,226,222,2022-11-16 14:30:00.496035099,
1668609000.5783813,SCAI-SENSEI,sensei-188,Sensomative_3001,10,0,0,0,6,0,0,6,0,0,0,0,201,Sensomative_3755,0,0,2,0,0,0,0,0,0,0,0,0,226,223,2022-11-16 14:30:00.578381300,
1668609000.6948705,SCAI-SENSEI,sensei-188,Sensomative_3001,10,0,0,0,6,0,0,6,0,0,0,0,202,Sensomative_3755,0,0,2,0,0,0,0,0,0,0,0,0,228,224,2022-11-16 14:30:00.694870472,
1668609000.81136,SCAI-SENSEI,sensei-188,Sensomative_3001,10,0,0,0,7,0,0,6,0,0,0,0,203,Sensomative_3755,0,0,2,0,0,0,0,0,0,0,0,0,229,226,2022-11-16 14:30:00.811359882,
1668609000.89471,SCAI-SENSEI,sensei-188,Sensomative_3001,10,0,0,0,6,0,0,6,0,0,0,0,204,Sensomative_3755,0,0,2,0,0,0,0,0,0,0,0,0,230,226,2022-11-16 14:30:00.894710064,
1668609001.0111997,SCAI-SENSEI,sensei-188,Sensomative_3001,10,0,0,0,6,0,0,6,0,0,0,0,205,Sensomative_3755,0,0,2,0,0,0,0,0,0,0,0,0,231,227,2022-11-16 14:30:01.011199713,
1668609001.095554,SCAI-SENSEI,sensei-188,Sensomative_3001,10,0,0,0,6,0,0,6,0,0,0,0,206,Sensomative_3755,0,0,2,0,0,0,0,0,0,0,0,0,232,228,2022-11-16 14:30:01.095554113,
1668609001.211039,SCAI-SENSEI,sensei-188,Sensomative_3001,10,0,0,0,6,0,0,6,0,0,0,0,207,Sensomative_3755,0,0,2,0,0,0,0,0,0,0,0,0,233,229,2022-11-16 14:30:01.211039066,
1668609001.293385,SCAI-SENSEI,sensei-188,Sensomative_3001,10,0,0,0,6,0,0,6,0,0,0,0,208,Sensomative_3755,0,0,2,0,0,0,0,0,0,0,0,0,234,230,2022-11-16 14:30:01.293385029,
1668609001.4098742,SCAI-SENSEI,sensei-188,Sensomative_3001,10,0,0,0,6,0,0,6,0,0,0,0,209,Sensomative_3755,0,0,2,0,0,0,0,0,0,0,0,0,235,231,2022-11-16 14:30:01.409874201,
1668609001.4932244,SCAI-SENSEI,sensei-188,Sensomative_3001,10,0,0,0,6,0,0,6,0,0,0,0,210,Sensomative_3755,0,0,2,0,0,0,0,0,0,0,0,0,236,232,2022-11-16 14:30:01.493224382,
1668609001.6097136,SCAI-SENSEI,sensei-188,Sensomative_3001,10,0,0,0,6,0,0,6,0,0,0,0,211,Sensomative_3755,0,0,2,0,0,0,0,0,0,0,0,0,237,233,2022-11-16 14:30:01.609713554,
1668609001.693064,SCAI-SENSEI,sensei-188,Sensomative_3001,10,0,0,0,6,0,0,6,0,0,0,0,212,Sensomative_3755,0,0,2,0,0,0,0,0,0,0,0,0,238,234,2022-11-16 14:30:01.693063974,
1668609001.8095534,SCAI-SENSEI,sensei-188,Sensomative_3001,10,0,0,0,6,0,0,6,0,0,0,0,213,Sensomative_3755,0,0,2,0,0,0,0,0,0,0,0,0,239,235,2022-11-16 14:30:01.809553385,
1668609001.891899,SCAI-SENSEI,sensei-188,Sensomative_3001,10,0,0,0,6,0,0,6,0,0,0,0,214,Sensomative_3755,0,0,2,0,0,0,0,0,0,0,0,0,240,236,2022-11-16 14:30:01.891899109,
1668609002.0093927,SCAI-SENSEI,sensei-188,Sensomative_3001,10,0,0,0,6,0,0,6,0,0,0,0,215,Sensomative_3755,0,0,2,0,0,0,0,0,0,0,0,0,241,237,2022-11-16 14:30:02.009392738,
1668609002.092743,SCAI-SENSEI,sensei-188,Sensomative_3001,10,0,0,0,6,0,0,6,0,0,0,0,216,Sensomative_3755,0,0,0,0,0,0,0,0,0,0,0,0,242,238,2022-11-16 14:30:02.092742920,
1668609002.2242954,SCAI-SENSEI,sensei-188,Sensomative_3001,10,0,0,0,6,0,0,6,0,0,0,0,217,Sensomative_3755,0,0,0,0,0,0,0,0,0,0,0,0,243,239,2022-11-16 14:30:02.224295378,
1668609002.2925825,SCAI-SENSEI,sensei-188,Sensomative_3001,10,0,0,0,6,0,0,6,0,0,0,0,218,Sensomative_3755,0,0,2,0,0,0,0,0,0,0,0,0,244,240,2022-11-16 14:30:02.292582512,
1668609002.4251392,SCAI-SENSEI,sensei-188,Sensomative_3001,10,0,0,0,6,0,0,6,0,0,0,0,219,Sensomative_3755,0,0,2,0,0,0,0,0,0,0,0,0,245,241,2022-11-16 14:30:02.425139189,
1668609002.4914176,SCAI-SENSEI,sensei-188,Sensomative_3001,10,0,0,0,6,0,0,6,0,0,0,0,220,Sensomative_3755,0,0,2,0,0,0,0,0,0,0,0,0,246,242,2022-11-16 14:30:02.491417646,
1668609002.6249788,SCAI-SENSEI,sensei-188,Sensomative_3001,10,0,0,0,6,0,0,6,0,0,0,0,221,Sensomative_3755,0,0,2,0,0,0,0,0,0,0,0,0,247,243,2022-11-16 14:30:02.624978781,
1668609002.6912572,SCAI-SENSEI,sensei-188,Sensomative_3001,9,0,0,0,6,0,0,6,0,0,0,0,222,Sensomative_3755,0,0,2,0,0,0,0,0,0,0,0,0,248,243,2022-11-16 14:30:02.691257238,
1668609002.823814,SCAI-SENSEI,sensei-188,Sensomative_3001,9,0,0,0,6,0,0,6,0,0,0,0,223,Sensomative_3755,0,0,2,0,0,0,0,0,0,0,0,0,249,244,2022-11-16 14:30:02.823813915,
1668609002.9081683,SCAI-SENSEI,sensei-188,Sensomative_3001,9,0,0,0,6,0,0,6,0,0,0,0,224,Sensomative_3755,0,0,2,0,0,0,0,0,0,0,0,0,250,245,2022-11-16 14:30:02.908168316,
1668609003.0246575,SCAI-SENSEI,sensei-188,Sensomative_3001,10,0,0,0,6,0,0,6,0,0,0,0,225,Sensomative_3755,0,0,2,0,0,0,0,0,0,0,0,0,251,247,2022-11-16 14:30:03.024657488,
1668609003.1070037,SCAI-SENSEI,sensei-188,Sensomative_3001,10,0,0,0,6,0,0,6,0,0,0,0,226,Sensomative_3755,0,0,2,0,0,0,0,0,0,0,0,0,252,248,2022-11-16 14:30:03.107003689,
1668609003.223493,SCAI-SENSEI,sensei-188,Sensomative_3001,9,0,0,0,6,0,0,6,0,0,0,0,227,Sensomative_3755,0,0,2,0,0,0,0,0,0,0,0,0,253,248,2022-11-16 14:30:03.223493099,
1668609003.306843,SCAI-SENSEI,sensei-188,Sensomative_3001,9,0,0,0,6,0,0,6,0,0,0,0,228,Sensomative_3755,0,0,2,0,0,0,0,0,0,0,0,0,254,249,2022-11-16 14:30:03.306843042,
1668609003.424337,SCAI-SENSEI,sensei-188,Sensomative_3001,9,0,0,0,6,0,0,6,0,0,0,0,229,Sensomative_3755,0,0,2,0,0,0,0,0,0,0,0,0,255,250,2022-11-16 14:30:03.424336910,
1668609003.5076869,SCAI-SENSEI,sensei-188,Sensomative_3001,9,0,0,0,6,0,0,6,0,0,0,0,230,Sensomative_3755,0,0,2,0,0,0,0,0,0,0,0,0,0,251,2022-11-16 14:30:03.507686853,
1668609003.623172,SCAI-SENSEI,sensei-188,Sensomative_3001,9,0,0,0,6,0,0,6,0,0,0,0,231,Sensomative_3755,0,0,2,0,0,0,0,0,0,0,0,0,1,252,2022-11-16 14:30:03.623172045,
1668609003.7045135,SCAI-SENSEI,sensei-188,Sensomative_3001,9,0,0,0,6,0,0,6,0,0,0,0,232,Sensomative_3755,0,0,2,0,0,0,0,0,0,0,0,0,1,253,2022-11-16 14:30:03.704513550,
1668609003.8230114,SCAI-SENSEI,sensei-188,Sensomative_3001,9,0,0,0,6,0,0,6,0,0,0,0,233,Sensomative_3755,0,0,2,0,0,0,0,0,0,0,0,0,3,254,2022-11-16 14:30:03.823011398,
1668609003.9395008,SCAI-SENSEI,sensei-188,Sensomative_3001,9,0,0,0,6,0,0,6,0,0,0,0,234,Sensomative_3755,0,0,2,0,0,0,0,0,0,0,0,0,4,255,2022-11-16 14:30:03.939500809,
1668609004.0218468,SCAI-SENSEI,sensei-188,Sensomative_3001,9,0,0,0,6,0,0,6,0,0,0,0,235,Sensomative_3755,0,0,2,0,0,0,0,0,0,0,0,0,5,256,2022-11-16 14:30:04.021846771,
1668609004.1393402,SCAI-SENSEI,sensei-188,Sensomative_3001,9,0,0,0,6,0,0,6,0,0,0,0,236,Sensomative_3755,0,0,2,0,0,0,0,0,0,0,0,0,6,257,2022-11-16 14:30:04.139340162,
1668609004.221686,SCAI-SENSEI,sensei-188,Sensomative_3001,9,0,0,0,6,0,0,6,0,0,0,0,237,Sensomative_3755,0,0,2,0,0,0,0,0,0,0,0,0,7,258,2022-11-16 14:30:04.221685886,
1668609004.3381755,SCAI-SENSEI,sensei-188,Sensomative_3001,9,0,0,0,6,0,0,7,0,0,0,0,238,Sensomative_3755,0,0,2,0,0,0,0,0,0,0,0,0,8,260,2022-11-16 14:30:04.338175535,
1668609004.4215257,SCAI-SENSEI,sensei-188,Sensomative_3001,9,0,0,0,6,0,0,6,0,0,0,0,239,Sensomative_3755,0,0,2,0,0,0,0,0,0,0,0,0,9,260,2022-11-16 14:30:04.421525717,
1668609004.5540826,SCAI-SENSEI,sensei-188,Sensomative_3001,9,0,0,0,6,0,0,6,0,0,0,0,240,Sensomative_3755,0,0,2,0,0,0,0,0,0,0,0,0,10,261,2022-11-16 14:30:04.554082632,
1668609004.621365,SCAI-SENSEI,sensei-188,Sensomative_3001,9,0,0,0,6,0,0,6,0,0,0,0,241,Sensomative_3755,0,0,2,0,0,0,0,0,0,0,0,0,11,262,2022-11-16 14:30:04.621365070,
1668609004.753922,SCAI-SENSEI,sensei-188,Sensomative_3001,9,0,0,0,6,0,0,6,0,0,0,0,242,Sensomative_3755,0,0,2,0,0,0,0,0,0,0,0,0,12,263,2022-11-16 14:30:04.753921986,
1668609004.8202004,SCAI-SENSEI,sensei-188,Sensomative_3001,9,0,0,0,6,0,0,6,0,0,0,0,243,Sensomative_3755,0,0,2,0,0,0,0,0,0,0,0,0,13,264,2022-11-16 14:30:04.820200443,
1668609004.9497445,SCAI-SENSEI,sensei-188,Sensomative_3001,9,0,0,0,6,0,0,6,0,0,0,0,244,Sensomative_3755,0,0,2,0,0,0,0,0,0,0,0,0,14,265,2022-11-16 14:30:04.949744463,
1668609005.0371118,SCAI-SENSEI,sensei-188,Sensomative_3001,9,0,0,0,6,0,0,6,0,0,0,0,245,Sensomative_3755,0,0,2,0,0,0,0,0,0,0,0,0,15,266,2022-11-16 14:30:05.037111759,
1668609005.1525967,SCAI-SENSEI,sensei-188,Sensomative_3001,9,0,0,0,6,0,0,6,0,0,0,0,246,Sensomative_3755,0,0,2,0,0,0,0,0,0,0,0,0,16,267,2022-11-16 14:30:05.152596712,
1668609005.2329342,SCAI-SENSEI,sensei-188,Sensomative_3001,9,0,0,0,6,0,0,6,0,0,0,0,247,Sensomative_3755,0,0,2,0,0,0,0,0,0,0,0,0,17,268,2022-11-16 14:30:05.232934237,
1668609005.352436,SCAI-SENSEI,sensei-188,Sensomative_3001,9,0,0,0,6,0,0,6,0,0,0,0,248,Sensomative_3755,0,0,2,0,0,0,0,0,0,0,0,0,18,269,2022-11-16 14:30:05.352436066,
1668609005.4357865,SCAI-SENSEI,sensei-188,Sensomative_3001,9,0,0,0,6,0,0,6,0,0,0,0,249,Sensomative_3755,0,0,2,0,0,0,0,0,0,0,0,0,19,270,2022-11-16 14:30:05.435786486,
1668609005.5512717,SCAI-SENSEI,sensei-188,Sensomative_3001,9,0,0,0,6,0,0,6,0,0,0,0,250,Sensomative_3755,0,0,2,0,0,0,0,0,0,0,0,0,20,271,2022-11-16 14:30:05.551271677,
1668609005.6346216,SCAI-SENSEI,sensei-188,Sensomative_3001,9,0,0,0,6,0,0,6,0,0,0,0,251,Sensomative_3755,0,0,2,0,0,0,0,0,0,0,0,0,21,272,2022-11-16 14:30:05.634621620,
1668609005.7521152,SCAI-SENSEI,sensei-188,Sensomative_3001,9,0,0,0,6,0,0,6,0,0,0,0,252,Sensomative_3755,0,0,2,0,0,0,0,0,0,0,0,0,22,273,2022-11-16 14:30:05.752115250,
1668609005.8354654,SCAI-SENSEI,sensei-188,Sensomative_3001,9,0,0,0,6,0,0,6,0,0,0,0,253,Sensomative_3755,0,0,2,0,0,0,0,0,0,0,0,0,23,274,2022-11-16 14:30:05.835465431,
1668609005.9499462,SCAI-SENSEI,sensei-188,Sensomative_3001,9,0,0,0,6,0,0,6,0,0,0,0,254,Sensomative_3755,0,0,2,0,0,0,0,0,0,0,0,0,24,275,2022-11-16 14:30:05.949946165,
1668609006.0343008,SCAI-SENSEI,sensei-188,Sensomative_3001,9,0,0,0,6,0,0,6,0,0,0,0,255,Sensomative_3755,0,0,2,0,0,0,0,0,0,0,0,0,25,276,2022-11-16 14:30:06.034300804,
1668609006.15079,SCAI-SENSEI,sensei-188,Sensomative_3001,9,0,0,0,6,0,0,6,0,0,0,0,0,Sensomative_3755,0,0,2,0,0,0,0,0,0,0,0,0,26,21,2022-11-16 14:30:06.150789976,
1668609006.233136,SCAI-SENSEI,sensei-188,Sensomative_3001,9,0,0,0,6,0,0,6,0,0,0,0,1,Sensomative_3755,0,0,2,0,0,0,0,0,0,0,0,0,27,22,2022-11-16 14:30:06.233135939,
1668609006.3516338,SCAI-SENSEI,sensei-188,Sensomative_3001,9,0,0,0,6,0,0,6,0,0,0,0,2,Sensomative_3755,0,0,2,0,0,0,0,0,0,0,0,0,28,23,2022-11-16 14:30:06.351633787,
1668609006.4349835,SCAI-SENSEI,sensei-188,Sensomative_3001,10,0,0,0,6,0,0,6,0,0,0,0,3,Sensomative_3755,0,0,2,0,0,0,0,0,0,0,0,0,29,25,2022-11-16 14:30:06.434983492,
1668609006.549465,SCAI-SENSEI,sensei-188,Sensomative_3001,9,0,0,0,6,0,0,6,0,0,0,0,4,Sensomative_3755,0,0,2,0,0,0,0,0,0,0,0,0,30,25,2022-11-16 14:30:06.549464941,
1668609006.633819,SCAI-SENSEI,sensei-188,Sensomative_3001,9,0,0,0,6,0,0,6,0,0,0,0,5,Sensomative_3755,0,0,2,0,0,0,0,0,0,0,0,0,30,26,2022-11-16 14:30:06.633819103,
1668609006.7503085,SCAI-SENSEI,sensei-188,Sensomative_3001,9,0,0,0,6,0,0,6,0,0,0,0,6,Sensomative_3755,0,0,2,0,0,0,0,0,0,0,0,0,32,27,2022-11-16 14:30:06.750308514,
1668609006.8326542,SCAI-SENSEI,sensei-188,Sensomative_3001,10,0,0,0,6,0,0,6,0,0,0,0,7,Sensomative_3755,0,0,2,0,0,0,0,0,0,0,0,0,32,29,2022-11-16 14:30:06.832654238,
1668609006.950148,SCAI-SENSEI,sensei-188,Sensomative_3001,9,0,0,0,6,0,0,6,0,0,0,0,8,Sensomative_3755,0,0,2,0,0,0,0,0,0,0,0,0,34,29,2022-11-16 14:30:06.950148106,
1668609007.0827048,SCAI-SENSEI,sensei-188,Sensomative_3001,9,0,0,0,6,0,0,6,0,0,0,0,9,Sensomative_3755,0,0,2,0,0,0,0,0,0,0,0,0,35,30,2022-11-16 14:30:07.082704782,
1668609007.1499877,SCAI-SENSEI,sensei-188,Sensomative_3001,10,0,0,0,6,0,0,6,0,0,0,0,10,Sensomative_3755,0,0,2,0,0,0,0,0,0,0,0,0,36,32,2022-11-16 14:30:07.149987698,
1668609007.28154,SCAI-SENSEI,sensei-188,Sensomative_3001,10,0,0,0,6,0,0,6,0,0,0,0,11,Sensomative_3755,0,0,2,0,0,0,0,0,0,0,0,0,37,33,2022-11-16 14:30:07.281539917,
1668609007.363886,SCAI-SENSEI,sensei-188,Sensomative_3001,9,0,0,0,6,0,0,6,0,0,0,0,12,Sensomative_3755,0,0,2,0,0,0,0,0,0,0,0,0,38,33,2022-11-16 14:30:07.363886118,
1668609007.4803755,SCAI-SENSEI,sensei-188,Sensomative_3001,10,0,0,0,6,0,0,6,0,0,0,0,13,Sensomative_3755,0,0,2,0,0,0,0,0,0,0,0,0,39,35,2022-11-16 14:30:07.480375528,
1668609007.5647297,SCAI-SENSEI,sensei-188,Sensomative_3001,10,0,0,0,6,0,0,6,0,0,0,0,14,Sensomative_3755,0,0,2,0,0,0,0,0,0,0,0,0,40,36,2022-11-16 14:30:07.564729691,
1668609007.6812189,SCAI-SENSEI,sensei-188,Sensomative_3001,10,0,0,0,6,0,0,6,0,0,0,0,15,Sensomative_3755,0,0,2,0,0,0,0,0,0,0,0,0,41,37,2022-11-16 14:30:07.681218863,
1668609007.7645693,SCAI-SENSEI,sensei-188,Sensomative_3001,10,0,0,0,6,0,0,6,0,0,0,0,16,Sensomative_3755,0,0,2,0,0,0,0,0,0,0,0,0,42,38,2022-11-16 14:30:07.764569283,
1668609007.8800545,SCAI-SENSEI,sensei-188,Sensomative_3001,10,0,0,0,6,0,0,6,0,0,0,0,17,Sensomative_3755,0,0,2,0,0,0,0,0,0,0,0,0,43,39,2022-11-16 14:30:07.880054474,
1668609007.9644086,SCAI-SENSEI,sensei-188,Sensomative_3001,10,0,0,0,6,0,0,6,0,0,0,0,18,Sensomative_3755,0,0,2,0,0,0,0,0,0,0,0,0,44,40,2022-11-16 14:30:07.964408636,
1668609008.0819025,SCAI-SENSEI,sensei-188,Sensomative_3001,9,0,0,0,6,0,0,6,0,0,0,0,19,Sensomative_3755,0,0,2,0,0,0,0,0,0,0,0,0,45,40,2022-11-16 14:30:08.081902504,
1668609008.163244,SCAI-SENSEI,sensei-188,Sensomative_3001,9,0,0,0,6,0,0,6,0,0,0,0,20,Sensomative_3755,0,0,2,0,0,0,0,0,0,0,0,0,46,41,2022-11-16 14:30:08.163244009,
1668609008.2797334,SCAI-SENSEI,sensei-188,Sensomative_3001,10,0,0,0,6,0,0,6,0,0,0,0,21,Sensomative_3755,0,0,2,0,0,0,0,0,0,0,0,0,47,43,2022-11-16 14:30:08.279733419,
1668609008.3630836,SCAI-SENSEI,sensei-188,Sensomative_3001,10,0,0,0,6,0,0,6,0,0,0,0,22,Sensomative_3755,0,0,2,0,0,0,0,0,0,0,0,0,48,44,2022-11-16 14:30:08.363083601,
1668609008.4785686,SCAI-SENSEI,sensei-188,Sensomative_3001,9,0,0,0,6,0,0,6,0,0,0,0,23,Sensomative_3755,0,0,2,0,0,0,0,0,0,0,0,0,49,44,2022-11-16 14:30:08.478568554,
1668609008.562923,SCAI-SENSEI,sensei-188,Sensomative_3001,9,0,0,0,6,0,0,6,0,0,0,0,24,Sensomative_3755,0,0,2,0,0,0,0,0,0,0,0,0,50,45,2022-11-16 14:30:08.562922955,
1668609008.679412,SCAI-SENSEI,sensei-188,Sensomative_3001,9,0,0,0,6,0,0,6,0,0,0,0,25,Sensomative_3755,0,0,2,0,0,0,0,0,0,0,0,0,51,46,2022-11-16 14:30:08.679411888,
1668609008.761758,SCAI-SENSEI,sensei-188,Sensomative_3001,9,0,0,0,6,0,0,6,0,0,0,0,26,Sensomative_3755,0,0,2,0,0,0,0,0,0,0,0,0,52,47,2022-11-16 14:30:08.761758089,
1668609008.8792517,SCAI-SENSEI,sensei-188,Sensomative_3001,10,0,0,0,6,0,0,6,0,0,0,0,27,Sensomative_3755,0,0,2,0,0,0,0,0,0,0,0,0,53,49,2022-11-16 14:30:08.879251719,
1668609008.962602,SCAI-SENSEI,sensei-188,Sensomative_3001,9,0,0,0,6,0,0,6,0,0,0,0,28,Sensomative_3755,0,0,2,0,0,0,0,0,0,0,0,0,54,49,2022-11-16 14:30:08.962601900,
1668609009.078087,SCAI-SENSEI,sensei-188,Sensomative_3001,9,0,0,0,6,0,0,6,0,0,0,0,29,Sensomative_3755,0,0,2,0,0,0,0,0,0,0,0,0,55,50,2022-11-16 14:30:09.078087091,
1668609009.1624415,SCAI-SENSEI,sensei-188,Sensomative_3001,9,0,0,0,6,0,0,6,0,0,0,0,30,Sensomative_3755,0,0,2,0,0,0,0,0,0,0,0,0,56,51,2022-11-16 14:30:09.162441492,
1668609009.278931,SCAI-SENSEI,sensei-188,Sensomative_3001,9,0,0,0,6,0,0,6,0,0,0,0,31,Sensomative_3755,0,0,2,0,0,0,0,0,0,0,0,0,57,52,2022-11-16 14:30:09.278930902,
1668609009.3612766,SCAI-SENSEI,sensei-188,Sensomative_3001,9,0,0,0,6,0,0,6,0,0,0,0,32,Sensomative_3755,0,0,2,0,0,0,0,0,0,0,0,0,58,53,2022-11-16 14:30:09.361276627,
1668609009.4918249,SCAI-SENSEI,sensei-188,Sensomative_3001,10,0,0,0,6,0,0,6,0,0,0,0,33,Sensomative_3755,0,0,2,0,0,0,0,0,0,0,0,0,59,55,2022-11-16 14:30:09.491824865,
1668609009.561116,SCAI-SENSEI,sensei-188,Sensomative_3001,10,0,0,0,6,0,0,6,0,0,0,0,34,Sensomative_3755,0,0,2,0,0,0,0,0,0,0,0,0,60,56,2022-11-16 14:30:09.561115980,
1668609009.6946774,SCAI-SENSEI,sensei-188,Sensomative_3001,10,0,0,0,6,0,0,6,0,0,0,0,35,Sensomative_3755,0,0,2,0,0,0,0,0,0,0,0,0,61,57,2022-11-16 14:30:09.694677353,
1668609009.7609556,SCAI-SENSEI,sensei-188,Sensomative_3001,10,0,0,0,6,0,0,6,0,0,0,0,36,Sensomative_3755,0,0,2,0,0,0,0,0,0,0,0,0,61,58,2022-11-16 14:30:09.760955572,
1668609009.8935125,SCAI-SENSEI,sensei-188,Sensomative_3001,10,0,0,0,6,0,0,6,0,0,0,0,37,Sensomative_3755,0,0,2,0,0,0,0,0,0,0,0,0,63,59,2022-11-16 14:30:09.893512487,
1668609009.976863,SCAI-SENSEI,sensei-188,Sensomative_3001,10,0,0,0,6,0,0,6,0,0,0,0,38,Sensomative_3755,0,0,2,0,0,0,0,0,0,0,0,0,63,60,2022-11-16 14:30:09.976862907,
1668609010.093352,SCAI-SENSEI,sensei-188,Sensomative_3001,9,0,0,0,6,0,0,6,0,0,0,0,39,Sensomative_3755,0,0,2,0,0,0,0,0,0,0,0,0,65,60,2022-11-16 14:30:10.093352079,
1668609010.2098415,SCAI-SENSEI,sensei-188,Sensomative_3001,10,0,0,0,6,0,0,6,0,0,0,0,40,Sensomative_3755,0,0,2,0,0,0,0,0,0,0,0,0,66,62,2022-11-16 14:30:10.209841490,
1668609010.2931914,SCAI-SENSEI,sensei-188,Sensomative_3001,10,0,0,0,6,0,0,6,0,0,0,0,41,Sensomative_3755,0,0,2,0,0,0,0,0,0,0,0,0,67,63,2022-11-16 14:30:10.293191433,
1668609010.405664,SCAI-SENSEI,sensei-188,Sensomative_3001,10,0,0,0,6,0,0,6,0,0,0,0,42,Sensomative_3755,0,0,2,0,0,0,0,0,0,0,0,0,68,64,2022-11-16 14:30:10.405663967,
1668609010.4920268,SCAI-SENSEI,sensei-188,Sensomative_3001,9,0,0,0,6,0,0,6,0,0,0,0,43,Sensomative_3755,0,0,2,0,0,0,0,0,0,0,0,0,69,64,2022-11-16 14:30:10.492026806,
1668609010.6055036,SCAI-SENSEI,sensei-188,Sensomative_3001,10,0,0,0,6,0,0,6,0,0,0,0,44,Sensomative_3755,0,0,2,0,0,0,0,0,0,0,0,0,70,66,2022-11-16 14:30:10.605503559,
1668609010.6918664,SCAI-SENSEI,sensei-188,Sensomative_3001,10,0,0,0,6,0,0,6,0,0,0,0,45,Sensomative_3755,0,0,2,0,0,0,0,0,0,0,0,0,71,67,2022-11-16 14:30:10.691866398,
1668609010.8083556,SCAI-SENSEI,sensei-188,Sensomative_3001,10,0,0,0,6,0,0,6,0,0,0,0,46,Sensomative_3755,0,0,2,0,0,0,0,0,0,0,0,0,72,68,2022-11-16 14:30:10.808355570,
1668609010.8917058,SCAI-SENSEI,sensei-188,Sensomative_3001,10,0,0,0,6,0,0,6,0,0,0,0,47,Sensomative_3755,0,0,2,0,0,0,0,0,0,0,0,0,73,69,2022-11-16 14:30:10.891705751,
1668609011.0091994,SCAI-SENSEI,sensei-188,Sensomative_3001,10,0,0,0,6,0,0,6,0,0,0,0,48,Sensomative_3755,0,0,2,0,0,0,0,0,0,0,0,0,74,70,2022-11-16 14:30:11.009199381,
1668609011.091545,SCAI-SENSEI,sensei-188,Sensomative_3001,10,0,0,0,6,0,0,6,0,0,0,0,49,Sensomative_3755,0,0,2,0,0,0,0,0,0,0,0,0,75,71,2022-11-16 14:30:11.091545105,
1668609011.2090387,SCAI-SENSEI,sensei-188,Sensomative_3001,10,0,0,0,6,0,0,6,0,0,0,0,50,Sensomative_3755,0,0,2,0,0,0,0,0,0,0,0,0,76,72,2022-11-16 14:30:11.209038734,
1668609011.2913847,SCAI-SENSEI,sensei-188,Sensomative_3001,10,0,0,0,6,0,0,6,0,0,0,0,51,Sensomative_3755,0,0,2,0,0,0,0,0,0,0,0,0,77,73,2022-11-16 14:30:11.291384697,
1668609011.4239414,SCAI-SENSEI,sensei-188,Sensomative_3001,10,0,0,0,6,0,0,6,0,0,0,0,52,Sensomative_3755,0,0,2,0,0,0,0,0,0,0,0,0,78,74,2022-11-16 14:30:11.423941374,
1668609011.4902198,SCAI-SENSEI,sensei-188,Sensomative_3001,10,0,0,0,6,0,0,6,0,0,0,0,53,Sensomative_3755,0,0,2,0,0,0,0,0,0,0,0,0,79,75,2022-11-16 14:30:11.490219831,
1668609011.6237812,SCAI-SENSEI,sensei-188,Sensomative_3001,10,0,0,0,6,0,0,6,0,0,0,0,54,Sensomative_3755,0,0,2,0,0,0,0,0,0,0,0,0,80,76,2022-11-16 14:30:11.623781204,
1668609011.6900594,SCAI-SENSEI,sensei-188,Sensomative_3001,10,0,0,0,6,0,0,6,0,0,0,0,55,Sensomative_3755,0,0,2,0,0,0,0,0,0,0,0,0,81,77,2022-11-16 14:30:11.690059423,
1668609011.8236206,SCAI-SENSEI,sensei-188,Sensomative_3001,10,0,0,0,6,0,0,6,0,0,0,0,56,Sensomative_3755,0,0,2,0,0,0,0,0,0,0,0,0,82,78,2022-11-16 14:30:11.823620558,
1668609011.8888948,SCAI-SENSEI,sensei-188,Sensomative_3001,10,0,0,0,6,0,0,6,0,0,0,0,57,Sensomative_3755,0,0,2,0,0,0,0,0,0,0,0,0,83,79,2022-11-16 14:30:11.888894796,
1668609012.0214517,SCAI-SENSEI,sensei-188,Sensomative_3001,10,0,0,0,6,0,0,6,0,0,0,0,58,Sensomative_3755,0,0,2,0,0,0,0,0,0,0,0,0,84,80,2022-11-16 14:30:12.021451712,
1668609012.105806,SCAI-SENSEI,sensei-188,Sensomative_3001,10,0,0,0,6,0,0,6,0,0,0,0,59,Sensomative_3755,0,0,2,0,0,0,0,0,0,0,0,0,85,81,2022-11-16 14:30:12.105806112,
1668609012.2222953,SCAI-SENSEI,sensei-188,Sensomative_3001,10,0,0,0,6,0,0,6,0,0,0,0,60,Sensomative_3755,0,0,2,0,0,0,0,0,0,0,0,0,86,82,2022-11-16 14:30:12.222295284,
1668609012.3056457,SCAI-SENSEI,sensei-188,Sensomative_3001,10,0,0,0,6,0,0,6,0,0,0,0,61,Sensomative_3755,0,0,2,0,0,0,0,0,0,0,0,0,87,83,2022-11-16 14:30:12.305645704,
1668609012.4221349,SCAI-SENSEI,sensei-188,Sensomative_3001,10,0,0,0,6,0,0,6,0,0,0,0,62,Sensomative_3755,0,0,2,0,0,0,0,0,0,0,0,0,88,84,2022-11-16 14:30:12.422134876,
1668609012.5044806,SCAI-SENSEI,sensei-188,Sensomative_3001,10,0,0,0,6,0,0,6,0,0,0,0,63,Sensomative_3755,0,0,2,0,0,0,0,0,0,0,0,0,89,85,2022-11-16 14:30:12.504480599,
1668609012.6199658,SCAI-SENSEI,sensei-188,Sensomative_3001,10,0,0,0,6,0,0,6,0,0,0,0,64,Sensomative_3755,0,0,2,0,0,0,0,0,0,0,0,0,90,86,2022-11-16 14:30:12.619965792,
1668609012.7043202,SCAI-SENSEI,sensei-188,Sensomative_3001,10,0,0,0,6,0,0,6,0,0,0,0,65,Sensomative_3755,0,0,2,0,0,0,0,0,0,0,0,0,91,87,2022-11-16 14:30:12.704320192,
1668609012.8208096,SCAI-SENSEI,sensei-188,Sensomative_3001,10,0,0,0,6,0,0,6,0,0,0,0,66,Sensomative_3755,0,0,2,0,0,0,0,0,0,0,0,0,92,88,2022-11-16 14:30:12.820809603,
1668609012.9041595,SCAI-SENSEI,sensei-188,Sensomative_3001,10,0,0,0,6,0,0,6,0,0,0,0,67,Sensomative_3755,0,0,2,0,0,0,0,0,0,0,0,0,92,89,2022-11-16 14:30:12.904159546,
1668609013.0196447,SCAI-SENSEI,sensei-188,Sensomative_3001,10,0,0,0,6,0,0,6,0,0,0,0,68,Sensomative_3755,0,0,2,0,0,0,0,0,0,0,0,0,94,90,2022-11-16 14:30:13.019644737,
1668609013.1039991,SCAI-SENSEI,sensei-188,Sensomative_3001,10,0,0,0,5,0,0,6,0,0,0,0,69,Sensomative_3755,0,0,2,0,0,0,0,0,0,0,0,0,95,90,2022-11-16 14:30:13.103999138,
1668609013.2194843,SCAI-SENSEI,sensei-188,Sensomative_3001,10,0,0,0,6,0,0,6,0,0,0,0,70,Sensomative_3755,0,0,2,0,0,0,0,0,0,0,0,0,96,92,2022-11-16 14:30:13.219484329,
1668609013.3369775,SCAI-SENSEI,sensei-188,Sensomative_3001,10,0,0,0,6,0,0,6,0,0,0,0,71,Sensomative_3755,0,0,2,0,0,0,0,0,0,0,0,0,97,93,2022-11-16 14:30:13.336977482,
1668609013.420328,SCAI-SENSEI,sensei-188,Sensomative_3001,10,0,0,0,6,0,0,6,0,0,0,0,72,Sensomative_3755,0,0,2,0,0,0,0,0,0,0,0,0,98,94,2022-11-16 14:30:13.420327902,
1668609013.553889,SCAI-SENSEI,sensei-188,Sensomative_3001,10,0,0,0,6,0,0,6,0,0,0,0,73,Sensomative_3755,0,0,2,0,0,0,0,0,0,0,0,0,99,95,2022-11-16 14:30:13.553889036,
1668609013.6201675,SCAI-SENSEI,sensei-188,Sensomative_3001,10,0,0,0,5,0,0,6,0,0,0,0,74,Sensomative_3755,0,0,2,0,0,0,0,0,0,0,0,0,100,95,2022-11-16 14:30:13.620167494,
1668609013.7527242,SCAI-SENSEI,sensei-188,Sensomative_3001,10,0,0,0,5,0,0,6,0,0,0,0,75,Sensomative_3755,0,0,2,0,0,0,0,0,0,0,0,0,101,96,2022-11-16 14:30:13.752724171,
1668609013.8190026,SCAI-SENSEI,sensei-188,Sensomative_3001,10,0,0,0,5,0,0,6,0,0,0,0,76,Sensomative_3755,0,0,2,0,0,0,0,0,0,0,0,0,102,97,2022-11-16 14:30:13.819002628,
1668609013.950555,SCAI-SENSEI,sensei-188,Sensomative_3001,10,0,0,0,5,0,0,6,0,0,0,0,77,Sensomative_3755,0,0,2,0,0,0,0,0,0,0,0,0,103,98,2022-11-16 14:30:13.950555086,
1668609014.0339055,SCAI-SENSEI,sensei-188,Sensomative_3001,10,0,0,0,5,0,0,6,0,0,0,0,78,Sensomative_3755,0,0,2,0,0,0,0,0,0,0,0,0,104,99,2022-11-16 14:30:14.033905506,
1668609014.1513991,SCAI-SENSEI,sensei-188,Sensomative_3001,10,0,0,0,6,0,0,6,0,0,0,0,79,Sensomative_3755,0,0,2,0,0,0,0,0,0,0,0,0,105,101,2022-11-16 14:30:14.151399136,
1668609014.2357535,SCAI-SENSEI,sensei-188,Sensomative_3001,10,0,0,0,6,0,0,5,0,0,0,0,80,Sensomative_3755,0,0,2,0,0,0,0,0,0,0,0,0,106,101,2022-11-16 14:30:14.235753536,
1668609014.3512385,SCAI-SENSEI,sensei-188,Sensomative_3001,10,0,0,0,5,0,0,6,0,0,0,0,81,Sensomative_3755,0,0,2,0,0,0,0,0,0,0,0,0,107,102,2022-11-16 14:30:14.351238489,
1668609014.434589,SCAI-SENSEI,sensei-188,Sensomative_3001,10,0,0,0,5,0,0,6,0,0,0,0,82,Sensomative_3755,0,0,2,0,0,0,0,0,0,0,0,0,108,103,2022-11-16 14:30:14.434588909,
1668609014.5520823,SCAI-SENSEI,sensei-188,Sensomative_3001,9,0,0,0,6,0,0,6,0,0,0,0,83,Sensomative_3755,0,0,2,0,0,0,0,0,0,0,0,0,109,104,2022-11-16 14:30:14.552082300,
1668609014.6344285,SCAI-SENSEI,sensei-188,Sensomative_3001,10,0,0,0,5,0,0,6,0,0,0,0,84,Sensomative_3755,0,0,2,0,0,0,0,0,0,0,0,0,110,105,2022-11-16 14:30:14.634428501,
1668609014.7489092,SCAI-SENSEI,sensei-188,Sensomative_3001,10,0,0,0,5,0,0,6,0,0,0,0,85,Sensomative_3755,0,0,2,0,0,0,0,0,0,0,0,0,111,106,2022-11-16 14:30:14.748909235,
1668609014.834268,SCAI-SENSEI,sensei-188,Sensomative_3001,10,0,0,0,5,0,0,6,0,0,0,0,86,Sensomative_3755,0,0,2,0,0,0,0,0,0,0,0,0,112,107,2022-11-16 14:30:14.834268093,
1668609014.949753,SCAI-SENSEI,sensei-188,Sensomative_3001,10,0,0,0,5,0,0,6,0,0,0,0,87,Sensomative_3755,0,0,2,0,0,0,0,0,0,0,0,0,113,108,2022-11-16 14:30:14.949753046,
1668609015.033103,SCAI-SENSEI,sensei-188,Sensomative_3001,9,0,0,0,5,0,0,6,0,0,0,0,88,Sensomative_3755,0,0,2,0,0,0,0,0,0,0,0,0,114,108,2022-11-16 14:30:15.033102989,
1668609015.1505964,SCAI-SENSEI,sensei-188,Sensomative_3001,9,0,0,0,5,0,0,6,0,0,0,0,89,Sensomative_3755,0,0,2,0,0,0,0,0,0,0,0,0,115,109,2022-11-16 14:30:15.150596380,
1668609015.2319384,SCAI-SENSEI,sensei-188,Sensomative_3001,9,0,0,0,5,0,0,6,0,0,0,0,90,Sensomative_3755,0,0,2,0,0,0,0,0,0,0,0,0,116,110,2022-11-16 14:30:15.231938362,
1668609015.349432,SCAI-SENSEI,sensei-188,Sensomative_3001,10,0,0,0,5,0,0,6,0,0,0,0,91,Sensomative_3755,0,0,2,0,0,0,0,0,0,0,0,0,117,112,2022-11-16 14:30:15.349431992,
1668609015.432782,SCAI-SENSEI,sensei-188,Sensomative_3001,9,0,0,0,5,0,0,6,0,0,0,0,92,Sensomative_3755,0,0,2,0,0,0,0,0,0,0,0,0,118,112,2022-11-16 14:30:15.432781935,
1668609015.549271,SCAI-SENSEI,sensei-188,Sensomative_3001,9,0,0,0,5,0,0,6,0,0,0,0,93,Sensomative_3755,0,0,2,0,0,0,0,0,0,0,0,0,119,113,2022-11-16 14:30:15.549271107,
1668609015.6316173,SCAI-SENSEI,sensei-188,Sensomative_3001,9,0,0,0,5,0,0,6,0,0,0,0,94,Sensomative_3755,0,0,2,0,0,0,0,0,0,0,0,0,120,114,2022-11-16 14:30:15.631617308,
1668609015.749111,SCAI-SENSEI,sensei-188,Sensomative_3001,10,0,0,0,5,0,0,6,0,0,0,0,95,Sensomative_3755,0,0,2,0,0,0,0,0,0,0,0,0,121,116,2022-11-16 14:30:15.749110937,
1668609015.8274398,SCAI-SENSEI,sensei-188,Sensomative_3001,10,0,0,0,5,0,0,6,0,0,0,0,96,Sensomative_3755,0,0,2,0,0,0,0,0,0,0,0,0,122,117,2022-11-16 14:30:15.827439785,
1668609015.946942,SCAI-SENSEI,sensei-188,Sensomative_3001,10,0,0,0,5,0,0,6,0,0,0,0,97,Sensomative_3755,0,0,2,0,0,0,0,0,0,0,0,0,123,118,2022-11-16 14:30:15.946942091,
1668609016.0282836,SCAI-SENSEI,sensei-188,Sensomative_3001,10,0,0,0,5,0,0,6,0,0,0,0,98,Sensomative_3755,0,0,2,0,0,0,0,0,0,0,0,0,123,119,2022-11-16 14:30:16.028283596,
1668609016.163853,SCAI-SENSEI,sensei-188,Sensomative_3001,10,0,0,0,5,0,0,6,0,0,0,0,99,Sensomative_3755,0,0,2,0,0,0,0,0,0,0,0,0,125,120,2022-11-16 14:30:16.163852930,
1668609016.2311358,SCAI-SENSEI,sensei-188,Sensomative_3001,10,0,0,0,5,0,0,6,0,0,0,0,100,Sensomative_3755,0,0,2,0,0,0,0,0,0,0,0,0,125,121,2022-11-16 14:30:16.231135845,
1668609016.3646967,SCAI-SENSEI,sensei-188,Sensomative_3001,10,0,0,0,5,0,0,6,0,0,0,0,101,Sensomative_3755,0,0,2,0,0,0,0,0,0,0,0,0,127,122,2022-11-16 14:30:16.364696741,
1668609016.480182,SCAI-SENSEI,sensei-188,Sensomative_3001,10,0,0,0,5,0,0,6,0,0,0,0,102,Sensomative_3755,0,0,2,0,0,0,0,0,0,0,0,0,128,123,2022-11-16 14:30:16.480181932,
1668609016.5645363,SCAI-SENSEI,sensei-188,Sensomative_3001,10,0,0,0,5,0,0,6,0,0,0,0,103,Sensomative_3755,0,0,2,0,0,0,0,0,0,0,0,0,129,124,2022-11-16 14:30:16.564536333,
1668609016.6810255,SCAI-SENSEI,sensei-188,Sensomative_3001,10,0,0,0,5,0,0,6,0,0,0,0,104,Sensomative_3755,0,0,2,0,0,0,0,0,0,0,0,0,130,125,2022-11-16 14:30:16.681025505,
1668609016.7633717,SCAI-SENSEI,sensei-188,Sensomative_3001,10,0,0,0,5,0,0,6,0,0,0,0,105,Sensomative_3755,0,0,2,0,0,0,0,0,0,0,0,0,131,126,2022-11-16 14:30:16.763371706,
1668609016.8798609,SCAI-SENSEI,sensei-188,Sensomative_3001,10,0,0,0,5,0,0,6,0,0,0,0,106,Sensomative_3755,0,0,2,0,0,0,0,0,0,0,0,0,132,127,2022-11-16 14:30:16.879860878,
1668609016.9622068,SCAI-SENSEI,sensei-188,Sensomative_3001,10,0,0,0,5,0,0,6,0,0,0,0,107,Sensomative_3755,0,0,2,0,0,0,0,0,0,0,0,0,133,128,2022-11-16 14:30:16.962206841,
1668609017.0786965,SCAI-SENSEI,sensei-188,Sensomative_3001,10,0,0,0,5,0,0,6,0,0,0,0,108,Sensomative_3755,0,0,2,0,0,0,0,0,0,0,0,0,134,129,2022-11-16 14:30:17.078696489,
1668609017.1640546,SCAI-SENSEI,sensei-188,Sensomative_3001,10,0,0,0,5,0,0,6,0,0,0,0,109,Sensomative_3755,0,0,2,0,0,0,0,0,0,0,0,0,135,130,2022-11-16 14:30:17.164054632,
1668609017.2795398,SCAI-SENSEI,sensei-188,Sensomative_3001,10,0,0,0,5,0,0,6,0,0,0,0,110,Sensomative_3755,0,0,2,0,0,0,0,0,0,0,0,0,136,131,2022-11-16 14:30:17.279539824,
1668609017.3618858,SCAI-SENSEI,sensei-188,Sensomative_3001,10,0,0,0,5,0,0,6,0,0,0,0,111,Sensomative_3755,0,0,2,0,0,0,0,0,0,0,0,0,137,132,2022-11-16 14:30:17.361885786,
1668609017.4783752,SCAI-SENSEI,sensei-188,Sensomative_3001,10,0,0,0,5,0,0,6,0,0,0,0,112,Sensomative_3755,0,0,2,0,0,0,0,0,0,0,0,0,138,133,2022-11-16 14:30:17.478375196,
1668609017.5617251,SCAI-SENSEI,sensei-188,Sensomative_3001,10,0,0,0,5,0,0,6,0,0,0,0,113,Sensomative_3755,0,0,2,0,0,0,0,0,0,0,0,0,139,134,2022-11-16 14:30:17.561725140,
1668609017.6782148,SCAI-SENSEI,sensei-188,Sensomative_3001,10,0,0,0,5,0,0,6,0,0,0,0,114,Sensomative_3755,0,0,2,0,0,0,0,0,0,0,0,0,140,135,2022-11-16 14:30:17.678214788,
1668609017.7615647,SCAI-SENSEI,sensei-188,Sensomative_3001,10,0,0,0,5,0,0,6,0,0,0,0,115,Sensomative_3755,0,0,2,0,0,0,0,0,0,0,0,0,141,136,2022-11-16 14:30:17.761564732,
1668609017.8790584,SCAI-SENSEI,sensei-188,Sensomative_3001,10,0,0,0,5,0,0,6,0,0,0,0,116,Sensomative_3755,0,0,2,0,0,0,0,0,0,0,0,0,142,137,2022-11-16 14:30:17.879058361,
1668609017.961404,SCAI-SENSEI,sensei-188,Sensomative_3001,10,0,0,0,5,0,0,6,0,0,0,0,117,Sensomative_3755,0,0,2,0,0,0,0,0,0,0,0,0,143,138,2022-11-16 14:30:17.961404085,
1668609018.0758853,SCAI-SENSEI,sensei-188,Sensomative_3001,10,0,0,0,5,0,0,6,0,0,0,0,118,Sensomative_3755,0,0,2,0,0,0,0,0,0,0,0,0,144,139,2022-11-16 14:30:18.075885296,
1668609018.1602397,SCAI-SENSEI,sensei-188,Sensomative_3001,10,0,0,0,5,0,0,6,0,0,0,0,119,Sensomative_3755,0,0,2,0,0,0,0,0,0,0,0,0,145,140,2022-11-16 14:30:18.160239697,
1668609018.2938006,SCAI-SENSEI,sensei-188,Sensomative_3001,10,0,0,0,5,0,0,6,0,0,0,0,120,Sensomative_3755,0,0,2,0,0,0,0,0,0,0,0,0,146,141,2022-11-16 14:30:18.293800592,
1668609018.360079,SCAI-SENSEI,sensei-188,Sensomative_3001,10,0,0,0,5,0,0,6,0,0,0,0,121,Sensomative_3755,0,0,2,0,0,0,0,0,0,0,0,0,147,142,2022-11-16 14:30:18.360079050,
1668609018.477573,SCAI-SENSEI,sensei-188,Sensomative_3001,10,0,0,0,5,0,0,6,0,0,0,0,122,Sensomative_3755,0,0,2,0,0,0,0,0,0,0,0,0,148,143,2022-11-16 14:30:18.477572918,
1668609018.5609229,SCAI-SENSEI,sensei-188,Sensomative_3001,10,0,0,0,5,0,0,6,0,0,0,0,123,Sensomative_3755,0,0,2,0,0,0,0,0,0,0,0,0,149,144,2022-11-16 14:30:18.560922861,
1668609018.6934795,SCAI-SENSEI,sensei-188,Sensomative_3001,10,0,0,0,5,0,0,6,0,0,0,0,124,Sensomative_3755,0,0,2,0,0,0,0,0,0,0,0,0,150,145,2022-11-16 14:30:18.693479538,
1668609018.759758,SCAI-SENSEI,sensei-188,Sensomative_3001,10,0,0,0,5,0,0,6,0,0,0,0,125,Sensomative_3755,0,0,2,0,0,0,0,0,0,0,0,0,151,146,2022-11-16 14:30:18.759757996,
1668609018.892315,SCAI-SENSEI,sensei-188,Sensomative_3001,10,0,0,0,5,0,0,6,0,0,0,0,126,Sensomative_3755,0,0,2,0,0,0,0,0,0,0,0,0,152,147,2022-11-16 14:30:18.892314911,
1668609018.9756649,SCAI-SENSEI,sensei-188,Sensomative_3001,10,0,0,0,5,0,0,6,0,0,0,0,127,Sensomative_3755,0,0,2,0,0,0,0,0,0,0,0,0,153,148,2022-11-16 14:30:18.975664854,
1668609019.0921545,SCAI-SENSEI,sensei-188,Sensomative_3001,10,0,0,0,5,0,0,6,0,0,0,0,128,Sensomative_3755,0,0,2,0,0,0,0,0,0,0,0,0,154,149,2022-11-16 14:30:19.092154503,
1668609019.1755044,SCAI-SENSEI,sensei-188,Sensomative_3001,10,0,0,0,5,0,0,6,0,0,0,0,129,Sensomative_3755,0,0,2,0,0,0,0,0,0,0,0,0,154,150,2022-11-16 14:30:19.175504446,
1668609019.291994,SCAI-SENSEI,sensei-188,Sensomative_3001,10,0,0,0,5,0,0,6,0,0,0,0,130,Sensomative_3755,0,0,2,0,0,0,0,0,0,0,0,0,156,151,2022-11-16 14:30:19.291994095,
1668609019.3763485,SCAI-SENSEI,sensei-188,Sensomative_3001,10,0,0,0,5,0,0,6,0,0,0,0,131,Sensomative_3755,0,0,2,0,0,0,0,0,0,0,0,0,156,152,2022-11-16 14:30:19.376348495,
1668609019.490829,SCAI-SENSEI,sensei-188,Sensomative_3001,10,0,0,0,5,0,0,6,0,0,0,0,132,Sensomative_3755,0,0,2,0,0,0,0,0,0,0,0,0,158,153,2022-11-16 14:30:19.490828991,
1668609019.6083226,SCAI-SENSEI,sensei-188,Sensomative_3001,10,0,0,0,5,0,0,6,0,0,0,0,133,Sensomative_3755,0,0,2,0,0,0,0,0,0,0,0,0,159,154,2022-11-16 14:30:19.608322620,
1668609019.6906686,SCAI-SENSEI,sensei-188,Sensomative_3001,10,0,0,0,5,0,0,6,0,0,0,0,134,Sensomative_3755,0,0,2,0,0,0,0,0,0,0,0,0,160,155,2022-11-16 14:30:19.690668583,
1668609019.808162,SCAI-SENSEI,sensei-188,Sensomative_3001,10,0,0,0,5,0,0,6,0,0,0,0,135,Sensomative_3755,0,0,2,0,0,0,0,0,0,0,0,0,161,156,2022-11-16 14:30:19.808161974,
1668609019.890508,SCAI-SENSEI,sensei-188,Sensomative_3001,10,0,0,0,5,0,0,6,0,0,0,0,136,Sensomative_3755,0,0,2,0,0,0,0,0,0,0,0,0,162,157,2022-11-16 14:30:19.890507936,
1668609020.0080016,SCAI-SENSEI,sensei-188,Sensomative_3001,10,0,0,0,5,0,0,6,0,0,0,0,137,Sensomative_3755,0,0,2,0,0,0,0,0,0,0,0,0,163,158,2022-11-16 14:30:20.008001566,
1668609020.0903475,SCAI-SENSEI,sensei-188,Sensomative_3001,10,0,0,0,5,0,0,6,0,0,0,0,138,Sensomative_3755,0,0,2,0,0,0,0,0,0,0,0,0,164,159,2022-11-16 14:30:20.090347528,
1668609020.206837,SCAI-SENSEI,sensei-188,Sensomative_3001,10,0,0,0,5,0,0,6,0,0,0,0,139,Sensomative_3755,0,0,2,0,0,0,0,0,0,0,0,0,165,160,2022-11-16 14:30:20.206836939,
1668609020.290187,SCAI-SENSEI,sensei-188,Sensomative_3001,10,0,0,0,5,0,0,6,0,0,0,0,140,Sensomative_3755,0,0,2,0,0,0,0,0,0,0,0,0,166,161,2022-11-16 14:30:20.290186882,
1668609020.4066763,SCAI-SENSEI,sensei-188,Sensomative_3001,10,0,0,0,5,0,0,6,0,0,0,0,141,Sensomative_3755,0,0,2,0,0,0,0,0,0,0,0,0,167,162,2022-11-16 14:30:20.406676292,
1668609020.4900267,SCAI-SENSEI,sensei-188,Sensomative_3001,10,0,0,0,5,0,0,6,0,0,0,0,142,Sensomative_3755,0,0,2,0,0,0,0,0,0,0,0,0,168,163,2022-11-16 14:30:20.490026712,
1668609020.606516,SCAI-SENSEI,sensei-188,Sensomative_3001,10,0,0,0,5,0,0,6,0,0,0,0,143,Sensomative_3755,0,0,2,0,0,0,0,0,0,0,0,0,169,164,2022-11-16 14:30:20.606515884,
1668609020.689866,SCAI-SENSEI,sensei-188,Sensomative_3001,10,0,0,0,5,0,0,5,0,0,0,0,144,Sensomative_3755,0,0,2,0,0,0,0,0,0,0,0,0,170,164,2022-11-16 14:30:20.689866066,
1668609020.8214183,SCAI-SENSEI,sensei-188,Sensomative_3001,10,0,0,0,5,0,0,6,0,0,0,0,145,Sensomative_3755,0,0,2,0,0,0,0,0,0,0,0,0,171,166,2022-11-16 14:30:20.821418285,
1668609020.8897057,SCAI-SENSEI,sensei-188,Sensomative_3001,10,0,0,0,5,0,0,6,0,0,0,0,146,Sensomative_3755,0,0,2,0,0,0,0,0,0,0,0,0,172,167,2022-11-16 14:30:20.889705658,
1668609021.020254,SCAI-SENSEI,sensei-188,Sensomative_3001,10,0,0,0,5,0,0,6,0,0,0,0,147,Sensomative_3755,0,0,2,0,0,0,0,0,0,0,0,0,173,168,2022-11-16 14:30:21.020253897,
1668609021.1046083,SCAI-SENSEI,sensei-188,Sensomative_3001,10,0,0,0,5,0,0,6,0,0,0,0,148,Sensomative_3755,0,0,2,0,0,0,0,0,0,0,0,0,174,169,2022-11-16 14:30:21.104608297,
1668609021.218085,SCAI-SENSEI,sensei-188,Sensomative_3001,10,0,0,0,5,0,0,6,0,0,0,0,149,Sensomative_3755,0,0,2,0,0,0,0,0,0,0,0,0,175,170,2022-11-16 14:30:21.218085051,
1668609021.3044477,SCAI-SENSEI,sensei-188,Sensomative_3001,10,0,0,0,5,0,0,5,0,0,0,0,150,Sensomative_3755,0,0,2,0,0,0,0,0,0,0,0,0,176,170,2022-11-16 14:30:21.304447651,
1668609021.4209373,SCAI-SENSEI,sensei-188,Sensomative_3001,10,0,0,0,5,0,0,6,0,0,0,0,151,Sensomative_3755,0,0,2,0,0,0,0,0,0,0,0,0,177,172,2022-11-16 14:30:21.420937300,
1668609021.5042872,SCAI-SENSEI,sensei-188,Sensomative_3001,10,0,0,0,5,0,0,6,0,0,0,0,152,Sensomative_3755,0,0,2,0,0,0,0,0,0,0,0,0,178,173,2022-11-16 14:30:21.504287243,
1668609021.6197724,SCAI-SENSEI,sensei-188,Sensomative_3001,10,0,0,0,5,0,0,6,0,0,0,0,153,Sensomative_3755,0,0,2,0,0,0,0,0,0,0,0,0,179,174,2022-11-16 14:30:21.619772434,
1668609021.7031226,SCAI-SENSEI,sensei-188,Sensomative_3001,50,0,0,0,4,0,0,1,0,0,0,36,154,Sensomative_3755,0,0,2,0,0,0,0,0,0,0,0,0,180,245,2022-11-16 14:30:21.703122616,
1668609021.8196118,SCAI-SENSEI,sensei-188,Sensomative_3001,116,0,0,0,0,0,0,0,0,0,0,141,155,Sensomative_3755,0,0,2,0,0,0,0,0,0,0,0,0,181,412,2022-11-16 14:30:21.819611788,
1668609021.912,SCAI-SENSEI,sensei-188,Sensomative_3001,121,0,88,0,26,15,7,0,0,45,28,191,156,Sensomative_3755,0,0,1,0,0,0,0,0,0,0,0,0,182,677,2022-11-16 14:30:21.911999941,1.0
1668609022.0194514,SCAI-SENSEI,sensei-188,Sensomative_3001,92,0,68,0,41,24,1,2,10,27,18,132,157,Sensomative_3755,0,0,1,0,0,0,0,0,0,0,0,0,183,572,2022-11-16 14:30:22.019451380,
1668609022.1028016,SCAI-SENSEI,sensei-188,Sensomative_3001,73,0,51,0,51,26,1,11,1,14,10,104,158,Sensomative_3755,0,0,1,0,0,0,0,0,0,0,0,0,184,500,2022-11-16 14:30:22.102801561,
1668609022.2202952,SCAI-SENSEI,sensei-188,Sensomative_3001,59,0,65,0,114,69,26,48,9,20,5,86,159,Sensomative_3755,0,0,1,0,0,0,0,0,0,0,0,0,185,660,2022-11-16 14:30:22.220295191,
1668609022.3046494,SCAI-SENSEI,sensei-188,Sensomative_3001,36,0,66,0,148,104,60,100,37,34,16,70,160,Sensomative_3755,0,0,2,0,0,0,0,0,0,0,0,0,186,831,2022-11-16 14:30:22.304649353,
1668609022.4211388,SCAI-SENSEI,sensei-188,Sensomative_3001,21,0,59,0,165,124,92,129,55,38,24,63,161,Sensomative_3755,0,0,2,0,0,0,0,0,0,0,0,0,187,931,2022-11-16 14:30:22.421138763,
1668609022.5024805,SCAI-SENSEI,sensei-188,Sensomative_3001,14,0,52,0,175,134,113,147,62,40,29,61,162,Sensomative_3755,0,0,2,0,0,0,0,0,0,0,0,0,187,989,2022-11-16 14:30:22.502480507,
1668609022.6189697,SCAI-SENSEI,sensei-188,Sensomative_3001,9,0,52,2,182,139,123,154,65,42,30,60,163,Sensomative_3755,0,0,2,0,0,0,0,0,0,0,0,0,188,1021,2022-11-16 14:30:22.618969679,
1668609022.7515266,SCAI-SENSEI,sensei-188,Sensomative_3001,7,0,53,5,187,144,126,157,67,42,31,56,164,Sensomative_3755,0,0,2,0,0,0,1,3,0,0,0,0,190,1039,2022-11-16 14:30:22.751526594,
1668609022.8188095,SCAI-SENSEI,sensei-188,Sensomative_3001,6,0,52,6,190,147,124,155,68,42,30,51,165,Sensomative_3755,0,0,3,0,0,0,1,6,0,0,0,0,191,1036,2022-11-16 14:30:22.818809509,
1668609022.9513662,SCAI-SENSEI,sensei-188,Sensomative_3001,5,0,54,8,190,147,122,157,69,41,30,43,166,Sensomative_3755,0,0,1,0,0,0,1,2,0,0,0,0,192,1032,2022-11-16 14:30:22.951366186,
1668609023.0186489,SCAI-SENSEI,sensei-188,Sensomative_3001,9,0,57,9,179,143,128,162,70,41,29,41,167,Sensomative_3755,0,0,2,0,0,0,0,0,0,0,0,0,193,1035,2022-11-16 14:30:23.018648863,
1668609023.1512055,SCAI-SENSEI,sensei-188,Sensomative_3001,20,0,62,8,154,133,125,160,68,43,30,47,168,Sensomative_3755,0,0,2,0,0,0,0,0,0,0,0,0,194,1018,2022-11-16 14:30:23.151205540,
1668609023.2335515,SCAI-SENSEI,sensei-188,Sensomative_3001,40,0,68,8,148,126,120,156,69,45,30,53,169,Sensomative_3755,0,0,2,0,0,0,0,0,0,0,0,0,195,1032,2022-11-16 14:30:23.233551502,
1668609023.3510451,SCAI-SENSEI,sensei-188,Sensomative_3001,47,0,69,11,145,121,117,151,71,47,29,56,170,Sensomative_3755,0,0,2,0,0,0,0,0,0,0,0,0,196,1034,2022-11-16 14:30:23.351045132,
1668609023.4343953,SCAI-SENSEI,sensei-188,Sensomative_3001,46,0,70,12,150,124,120,150,72,47,29,58,171,Sensomative_3755,0,0,2,0,0,0,0,0,0,0,0,0,197,1049,2022-11-16 14:30:23.434395313,
1668609023.5498805,SCAI-SENSEI,sensei-188,Sensomative_3001,45,0,71,12,151,126,122,151,72,48,30,60,172,Sensomative_3755,0,0,2,0,0,0,0,0,0,0,0,0,198,1060,2022-11-16 14:30:23.549880505,
1668609023.634235,SCAI-SENSEI,sensei-188,Sensomative_3001,45,0,71,12,154,128,126,152,72,48,30,62,173,Sensomative_3755,0,0,2,0,0,0,0,0,0,0,0,0,199,1073,2022-11-16 14:30:23.634234905,
1668609023.74972,SCAI-SENSEI,sensei-188,Sensomative_3001,45,0,72,12,156,129,124,151,73,49,31,64,174,Sensomative_3755,0,0,2,0,0,0,0,0,0,0,0,0,200,1080,2022-11-16 14:30:23.749720097,
1668609023.832066,SCAI-SENSEI,sensei-188,Sensomative_3001,48,0,73,12,155,129,118,150,72,49,31,65,175,Sensomative_3755,0,0,2,0,0,0,0,0,0,0,0,0,201,1077,2022-11-16 14:30:23.832066059,
1668609023.9495597,SCAI-SENSEI,sensei-188,Sensomative_3001,49,0,73,11,155,129,114,147,73,49,31,65,176,Sensomative_3755,0,0,2,0,0,0,0,0,0,0,0,0,202,1072,2022-11-16 14:30:23.949559689,
1668609024.0319054,SCAI-SENSEI,sensei-188,Sensomative_3001,51,0,74,12,156,129,114,147,72,49,31,66,177,Sensomative_3755,0,0,2,0,0,0,0,0,0,0,0,0,203,1078,2022-11-16 14:30:24.031905413,
1668609024.149399,SCAI-SENSEI,sensei-188,Sensomative_3001,50,0,74,12,156,130,115,148,73,49,30,66,178,Sensomative_3755,0,0,2,0,0,0,0,0,0,0,0,0,204,1081,2022-11-16 14:30:24.149399042,
1668609024.231745,SCAI-SENSEI,sensei-188,Sensomative_3001,50,0,74,12,157,130,117,150,72,49,30,66,179,Sensomative_3755,0,0,2,0,0,0,0,0,0,0,0,0,205,1086,2022-11-16 14:30:24.231745005,
1668609024.3492384,SCAI-SENSEI,sensei-188,Sensomative_3001,50,0,74,12,158,131,119,151,73,49,30,66,180,Sensomative_3755,0,0,2,0,0,0,0,0,0,0,0,0,206,1093,2022-11-16 14:30:24.349238396,
1668609024.4315844,SCAI-SENSEI,sensei-188,Sensomative_3001,50,0,74,12,158,130,120,151,72,49,30,66,181,Sensomative_3755,0,0,2,0,0,0,0,0,0,0,0,0,207,1093,2022-11-16 14:30:24.431584358,
1668609024.5480735,SCAI-SENSEI,sensei-188,Sensomative_3001,50,0,74,12,160,131,119,151,72,49,30,66,182,Sensomative_3755,0,0,2,0,0,0,0,0,0,0,0,0,208,1096,2022-11-16 14:30:24.548073530,
1668609024.631424,SCAI-SENSEI,sensei-188,Sensomative_3001,50,0,74,12,160,131,120,151,72,48,30,66,183,Sensomative_3755,0,0,2,0,0,0,0,0,0,0,0,0,209,1097,2022-11-16 14:30:24.631423950,
1668609024.7479131,SCAI-SENSEI,sensei-188,Sensomative_3001,50,0,75,12,160,131,120,151,73,49,30,66,184,Sensomative_3755,0,0,2,0,0,0,0,0,0,0,0,0,210,1101,2022-11-16 14:30:24.747913122,
1668609024.8312633,SCAI-SENSEI,sensei-188,Sensomative_3001,51,0,75,12,154,131,116,151,72,50,30,67,185,Sensomative_3755,0,0,2,0,0,0,0,0,0,0,0,0,211,1094,2022-11-16 14:30:24.831263304,
1668609024.9477525,SCAI-SENSEI,sensei-188,Sensomative_3001,48,0,76,12,153,130,105,148,71,52,31,67,186,Sensomative_3755,0,0,2,0,0,0,0,0,0,0,0,0,212,1079,2022-11-16 14:30:24.947752476,
1668609025.031103,SCAI-SENSEI,sensei-188,Sensomative_3001,42,0,75,11,156,129,95,146,69,52,32,74,187,Sensomative_3755,0,0,2,0,0,0,0,0,0,0,0,0,213,1068,2022-11-16 14:30:25.031102896,
1668609025.1465878,SCAI-SENSEI,sensei-188,Sensomative_3001,44,0,74,11,160,129,94,148,68,52,32,75,188,Sensomative_3755,0,0,2,0,0,0,0,0,0,0,0,0,214,1075,2022-11-16 14:30:25.146587849,
1668609025.229938,SCAI-SENSEI,sensei-188,Sensomative_3001,50,0,74,11,166,129,89,146,69,52,30,73,189,Sensomative_3755,0,0,2,0,0,0,0,0,0,0,0,0,215,1078,2022-11-16 14:30:25.229938030,
1668609025.3474317,SCAI-SENSEI,sensei-188,Sensomative_3001,57,0,75,11,170,129,88,141,70,51,29,73,190,Sensomative_3755,0,0,2,0,0,0,0,0,0,0,0,0,216,1084,2022-11-16 14:30:25.347431660,
1668609025.4297776,SCAI-SENSEI,sensei-188,Sensomative_3001,64,0,77,11,158,128,93,141,71,52,30,69,191,Sensomative_3755,0,0,2,0,0,0,0,0,0,0,0,0,216,1085,2022-11-16 14:30:25.429777622,
1668609025.5633388,SCAI-SENSEI,sensei-188,Sensomative_3001,63,0,78,12,145,126,94,140,69,49,28,61,192,Sensomative_3755,0,0,1,0,0,0,0,0,0,0,0,0,218,1057,2022-11-16 14:30:25.563338757,
1668609025.6316254,SCAI-SENSEI,sensei-188,Sensomative_3001,58,0,80,14,158,130,100,144,72,50,29,63,193,Sensomative_3755,0,0,1,0,0,0,0,0,0,0,0,0,219,1091,2022-11-16 14:30:25.631625414,
1668609025.762174,SCAI-SENSEI,sensei-188,Sensomative_3001,52,0,82,14,156,130,99,143,72,48,29,64,194,Sensomative_3755,0,0,1,0,0,0,0,0,0,0,0,0,220,1083,2022-11-16 14:30:25.762173891,
1668609025.877659,SCAI-SENSEI,sensei-188,Sensomative_3001,48,0,85,15,162,132,102,142,70,46,28,61,195,Sensomative_3755,0,0,1,0,0,0,0,0,0,0,0,0,221,1086,2022-11-16 14:30:25.877659082,
1668609025.9620132,SCAI-SENSEI,sensei-188,Sensomative_3001,40,0,83,14,159,132,109,145,71,44,26,57,196,Sensomative_3755,0,0,1,0,0,0,0,0,0,0,0,0,222,1076,2022-11-16 14:30:25.962013245,
1668609026.0774984,SCAI-SENSEI,sensei-188,Sensomative_3001,40,0,85,14,135,127,110,145,68,46,24,58,197,Sensomative_3755,0,0,2,0,0,0,0,0,0,0,0,0,223,1049,2022-11-16 14:30:26.077498436,
1668609026.1618528,SCAI-SENSEI,sensei-188,Sensomative_3001,50,0,88,14,100,100,65,104,62,54,32,90,198,Sensomative_3755,0,0,2,0,0,0,0,0,0,0,0,0,224,957,2022-11-16 14:30:26.161852837,
1668609026.277338,SCAI-SENSEI,sensei-188,Sensomative_3001,60,1,91,12,66,65,26,57,53,59,39,116,199,Sensomative_3755,0,0,1,0,0,0,0,0,0,0,0,0,225,844,2022-11-16 14:30:26.277338028,
1668609026.3616922,SCAI-SENSEI,sensei-188,Sensomative_3001,74,5,90,13,32,28,8,25,35,57,41,137,200,Sensomative_3755,0,0,1,0,0,0,0,0,0,0,0,0,226,745,2022-11-16 14:30:26.361692190,
1668609026.4771774,SCAI-SENSEI,sensei-188,Sensomative_3001,90,4,48,10,22,18,3,14,12,22,37,159,201,Sensomative_3755,0,0,2,0,0,0,0,0,0,0,0,0,227,640,2022-11-16 14:30:26.477177382,
1668609026.5605278,SCAI-SENSEI,sensei-188,Sensomative_3001,74,2,15,9,20,10,2,12,14,8,19,93,202,Sensomative_3755,0,0,1,0,0,0,0,0,0,0,0,0,228,480,2022-11-16 14:30:26.560527802,
1668609026.6760128,SCAI-SENSEI,sensei-188,Sensomative_3001,45,2,14,7,18,5,0,12,10,7,10,42,203,Sensomative_3755,0,0,1,0,0,0,0,0,0,0,0,0,229,375,2022-11-16 14:30:26.676012754,
1668609026.759363,SCAI-SENSEI,sensei-188,Sensomative_3001,24,2,8,5,16,0,0,10,5,4,5,13,204,Sensomative_3755,0,0,1,0,0,0,0,0,0,0,0,0,230,296,2022-11-16 14:30:26.759362936,
1668609026.8768563,SCAI-SENSEI,sensei-188,Sensomative_3001,14,1,2,3,12,0,0,7,3,1,3,2,205,Sensomative_3755,0,0,1,0,0,0,0,0,0,0,0,0,231,253,2022-11-16 14:30:26.876856327,
1668609026.9592023,SCAI-SENSEI,sensei-188,Sensomative_3001,11,0,1,1,11,0,0,7,2,0,0,0,206,Sensomative_3755,0,0,1,0,0,0,0,0,0,0,0,0,232,239,2022-11-16 14:30:26.959202290,
1668609027.0777,SCAI-SENSEI,sensei-188,Sensomative_3001,8,0,0,1,9,0,0,6,0,0,0,0,207,Sensomative_3755,0,0,2,0,0,0,0,0,0,0,0,0,233,231,2022-11-16 14:30:27.077699900,
1668609027.159042,SCAI-SENSEI,sensei-188,Sensomative_3001,8,0,0,1,8,0,0,6,0,0,0,0,208,Sensomative_3755,0,0,2,0,0,0,0,0,0,0,0,0,234,231,2022-11-16 14:30:27.159041882,
1668609027.2765355,SCAI-SENSEI,sensei-188,Sensomative_3001,9,0,0,0,7,0,0,5,0,0,0,0,209,Sensomative_3755,0,0,2,0,0,0,0,0,0,0,0,0,235,230,2022-11-16 14:30:27.276535511,
1668609027.3588812,SCAI-SENSEI,sensei-188,Sensomative_3001,9,0,0,0,7,0,0,5,0,0,0,0,210,Sensomative_3755,0,0,2,0,0,0,0,0,0,0,0,0,236,231,2022-11-16 14:30:27.358881235,
1668609027.4914382,SCAI-SENSEI,sensei-188,Sensomative_3001,9,0,0,0,7,0,0,5,0,0,0,0,211,Sensomative_3755,0,0,2,0,0,0,0,0,0,0,0,0,237,232,2022-11-16 14:30:27.491438150,
1668609027.558721,SCAI-SENSEI,sensei-188,Sensomative_3001,9,0,0,0,7,0,0,4,0,0,0,0,212,Sensomative_3755,0,0,2,0,0,0,0,0,0,0,0,0,238,232,2022-11-16 14:30:27.558721066,
1668609027.6912775,SCAI-SENSEI,sensei-188,Sensomative_3001,8,0,0,0,7,0,0,4,0,0,0,0,213,Sensomative_3755,0,0,2,0,0,0,0,0,0,0,0,0,239,232,2022-11-16 14:30:27.691277504,
1668609027.7585604,SCAI-SENSEI,sensei-188,Sensomative_3001,8,0,0,0,7,0,0,4,0,0,0,0,214,Sensomative_3755,0,0,2,0,0,0,0,0,0,0,0,0,240,233,2022-11-16 14:30:27.758560419,
1668609027.8921216,SCAI-SENSEI,sensei-188,Sensomative_3001,8,0,0,0,7,0,0,4,0,0,0,0,215,Sensomative_3755,0,0,2,0,0,0,0,0,0,0,0,0,241,234,2022-11-16 14:30:27.892121553,
1668609027.973463,SCAI-SENSEI,sensei-188,Sensomative_3001,8,0,0,0,7,0,0,4,0,0,0,0,216,Sensomative_3755,0,0,2,0,0,0,0,0,0,0,0,0,242,235,2022-11-16 14:30:27.973463058,
1668609028.0909567,SCAI-SENSEI,sensei-188,Sensomative_3001,9,0,0,0,7,0,0,3,0,0,0,0,217,Sensomative_3755,0,0,2,0,0,0,0,0,0,0,0,0,243,236,2022-11-16 14:30:28.090956688,
1668609028.1743069,SCAI-SENSEI,sensei-188,Sensomative_3001,8,0,0,0,6,0,0,3,0,0,0,0,218,Sensomative_3755,0,0,2,0,0,0,0,0,0,0,0,0,244,235,2022-11-16 14:30:28.174306870,
1668609028.290796,SCAI-SENSEI,sensei-188,Sensomative_3001,8,0,0,0,6,0,0,3,0,0,0,0,219,Sensomative_3755,0,0,2,0,0,0,0,0,0,0,0,0,245,236,2022-11-16 14:30:28.290796041,
1668609028.3741465,SCAI-SENSEI,sensei-188,Sensomative_3001,8,0,0,0,7,0,0,3,0,0,0,0,220,Sensomative_3755,0,0,2,0,0,0,0,0,0,0,0,0,246,238,2022-11-16 14:30:28.374146461,
1668609028.4906356,SCAI-SENSEI,sensei-188,Sensomative_3001,8,0,0,0,7,0,0,4,0,0,0,0,221,Sensomative_3755,0,0,2,0,0,0,0,0,0,0,0,0,247,240,2022-11-16 14:30:28.490635633,
1668609028.5739858,SCAI-SENSEI,sensei-188,Sensomative_3001,8,0,0,0,7,0,0,3,0,0,0,0,222,Sensomative_3755,0,0,2,0,0,0,0,0,0,0,0,0,247,240,2022-11-16 14:30:28.573985815,
1668609028.689471,SCAI-SENSEI,sensei-188,Sensomative_3001,8,0,0,0,7,0,0,4,0,0,0,0,223,Sensomative_3755,0,0,2,0,0,0,0,0,0,0,0,0,249,242,2022-11-16 14:30:28.689471006,
1668609028.771817,SCAI-SENSEI,sensei-188,Sensomative_3001,8,0,0,0,7,0,0,3,0,0,0,0,224,Sensomative_3755,0,0,2,0,0,0,0,0,0,0,0,0,249,242,2022-11-16 14:30:28.771816969,
1668609028.8893104,SCAI-SENSEI,sensei-188,Sensomative_3001,8,0,0,0,7,0,0,3,0,0,0,0,225,Sensomative_3755,0,0,2,0,0,0,0,0,0,0,0,0,251,243,2022-11-16 14:30:28.889310360,
1668609029.0057998,SCAI-SENSEI,sensei-188,Sensomative_3001,8,0,0,0,7,0,0,3,0,0,0,0,226,Sensomative_3755,0,0,2,0,0,0,0,0,0,0,0,0,252,244,2022-11-16 14:30:29.005799770,
1668609029.08915,SCAI-SENSEI,sensei-188,Sensomative_3001,8,0,0,0,7,0,0,3,0,0,0,0,227,Sensomative_3755,0,0,2,0,0,0,0,0,0,0,0,0,253,245,2022-11-16 14:30:29.089149952,
1668609029.2056391,SCAI-SENSEI,sensei-188,Sensomative_3001,8,0,0,0,7,0,0,3,0,0,0,0,228,Sensomative_3755,0,0,2,0,0,0,0,0,0,0,0,0,254,246,2022-11-16 14:30:29.205639124,
1668609029.2899938,SCAI-SENSEI,sensei-188,Sensomative_3001,8,0,0,0,7,0,0,3,0,0,0,0,229,Sensomative_3755,0,0,2,0,0,0,0,0,0,0,0,0,255,247,2022-11-16 14:30:29.289993763,
1668609029.4054787,SCAI-SENSEI,sensei-188,Sensomative_3001,8,0,0,0,7,0,0,3,0,0,0,0,230,Sensomative_3755,0,0,2,0,0,0,0,0,0,0,0,0,0,248,2022-11-16 14:30:29.405478716,
1668609029.488829,SCAI-SENSEI,sensei-188,Sensomative_3001,8,0,0,0,7,0,0,3,0,0,0,0,231,Sensomative_3755,0,0,2,0,0,0,0,0,0,0,0,0,1,249,2022-11-16 14:30:29.488828897,
1668609029.6053183,SCAI-SENSEI,sensei-188,Sensomative_3001,8,0,0,0,7,0,0,4,0,0,0,0,232,Sensomative_3755,0,0,2,0,0,0,0,0,0,0,0,0,2,251,2022-11-16 14:30:29.605318308,
1668609029.68666,SCAI-SENSEI,sensei-188,Sensomative_3001,8,0,0,0,7,0,0,3,0,0,0,0,233,Sensomative_3755,0,0,2,0,0,0,0,0,0,0,0,0,3,251,2022-11-16 14:30:29.686660051,
1668609029.820221,SCAI-SENSEI,sensei-188,Sensomative_3001,8,0,0,0,6,0,0,3,0,0,0,0,234,Sensomative_3755,0,0,1,0,0,0,0,0,0,0,0,0,4,251,2022-11-16 14:30:29.820220947,
1668609029.8885078,SCAI-SENSEI,sensei-188,Sensomative_3001,8,0,0,0,6,0,0,3,0,0,0,0,235,Sensomative_3755,0,0,1,0,0,0,0,0,0,0,0,0,5,252,2022-11-16 14:30:29.888507843,
1668609030.0200603,SCAI-SENSEI,sensei-188,Sensomative_3001,8,0,0,0,6,0,0,3,0,0,0,0,236,Sensomative_3755,0,0,1,0,0,0,0,0,0,0,0,0,6,253,2022-11-16 14:30:30.020060301,
1668609030.0873432,SCAI-SENSEI,sensei-188,Sensomative_3001,8,0,0,0,6,0,0,3,0,0,0,0,237,Sensomative_3755,0,0,1,0,0,0,0,0,0,0,0,0,7,254,2022-11-16 14:30:30.087343216,
1668609030.2209044,SCAI-SENSEI,sensei-188,Sensomative_3001,8,0,0,0,6,0,0,3,0,0,0,0,238,Sensomative_3755,0,0,1,0,0,0,0,0,0,0,0,0,8,255,2022-11-16 14:30:30.220904350,
1668609030.3032503,SCAI-SENSEI,sensei-188,Sensomative_3001,8,0,0,0,6,0,0,3,0,0,0,0,239,Sensomative_3755,0,0,1,0,0,0,0,0,0,0,0,0,9,256,2022-11-16 14:30:30.303250313,
1668609030.4197395,SCAI-SENSEI,sensei-188,Sensomative_3001,7,0,0,0,6,0,0,3,0,0,0,0,240,Sensomative_3755,0,0,1,0,0,0,0,0,0,0,0,0,10,256,2022-11-16 14:30:30.419739485,
1668609030.5020854,SCAI-SENSEI,sensei-188,Sensomative_3001,8,0,0,0,6,0,0,3,0,0,0,0,241,Sensomative_3755,0,0,1,0,0,0,0,0,0,0,0,0,11,258,2022-11-16 14:30:30.502085447,
1668609030.6195788,SCAI-SENSEI,sensei-188,Sensomative_3001,7,0,0,0,6,0,0,4,0,0,0,0,242,Sensomative_3755,0,0,2,0,0,0,0,0,0,0,0,0,12,259,2022-11-16 14:30:30.619578838,
1668609030.7029293,SCAI-SENSEI,sensei-188,Sensomative_3001,7,0,0,0,7,0,0,4,0,0,0,0,243,Sensomative_3755,0,0,2,0,0,0,0,0,0,0,0,0,13,261,2022-11-16 14:30:30.702929258,
1668609030.8194184,SCAI-SENSEI,sensei-188,Sensomative_3001,7,0,0,0,7,0,0,5,0,0,0,0,244,Sensomative_3755,0,0,2,0,0,0,0,0,0,0,0,0,14,263,2022-11-16 14:30:30.819418430,
1668609030.9007602,SCAI-SENSEI,sensei-188,Sensomative_3001,9,0,0,0,7,0,0,4,0,0,0,0,245,Sensomative_3755,0,0,1,0,0,0,0,0,0,0,0,0,15,265,2022-11-16 14:30:30.900760174,
1668609031.0182538,SCAI-SENSEI,sensei-188,Sensomative_3001,28,0,0,0,5,0,0,2,0,0,0,7,246,Sensomative_3755,0,0,1,0,0,0,0,0,0,0,0,0,16,288,2022-11-16 14:30:31.018253803,
1668609031.1026082,SCAI-SENSEI,sensei-188,Sensomative_3001,48,0,51,0,15,0,0,8,0,26,0,63,247,Sensomative_3755,0,0,1,0,0,0,0,0,0,0,0,0,17,458,2022-11-16 14:30:31.102608204,
1668609031.2180932,SCAI-SENSEI,sensei-188,Sensomative_3001,17,0,63,0,108,98,4,122,0,24,0,11,248,Sensomative_3755,0,0,1,0,0,0,0,0,0,0,0,0,18,695,2022-11-16 14:30:31.218093157,
1668609031.301443,SCAI-SENSEI,sensei-188,Sensomative_3001,0,0,36,0,86,99,13,107,0,21,0,7,249,Sensomative_3755,0,0,2,0,0,0,0,0,0,0,0,0,19,618,2022-11-16 14:30:31.301443100,
1668609031.418937,SCAI-SENSEI,sensei-188,Sensomative_3001,0,0,34,0,102,116,17,132,0,21,0,3,250,Sensomative_3755,0,0,9,0,0,0,1,0,0,0,0,5,20,675,2022-11-16 14:30:31.418936968,
1668609031.5002787,SCAI-SENSEI,sensei-188,Sensomative_3001,0,0,37,0,110,125,24,147,0,23,0,0,251,Sensomative_3755,0,0,10,0,0,1,1,7,0,0,0,16,21,717,2022-11-16 14:30:31.500278711,
1668609031.617772,SCAI-SENSEI,sensei-188,Sensomative_3001,0,0,41,0,110,125,24,150,0,24,0,0,252,Sensomative_3755,0,0,10,10,0,5,1,26,0,0,0,21,22,726,2022-11-16 14:30:31.617772102,
1668609031.7011223,SCAI-SENSEI,sensei-188,Sensomative_3001,1,0,47,0,113,128,25,152,0,27,0,0,253,Sensomative_3755,0,0,10,10,0,5,1,26,0,0,0,21,22,746,2022-11-16 14:30:31.701122284,
1668609031.8176117,SCAI-SENSEI,sensei-188,Sensomative_3001,3,0,51,0,116,127,24,152,0,29,0,0,254,Sensomative_3755,0,0,3,9,0,6,1,23,1,1,0,16,24,756,2022-11-16 14:30:31.817611694,
1668609031.8999577,SCAI-SENSEI,sensei-188,Sensomative_3001,3,0,53,0,117,125,24,152,0,31,0,3,255,Sensomative_3755,0,0,3,9,0,6,1,23,1,1,0,16,24,763,2022-11-16 14:30:31.899957657,
1668609032.0184555,SCAI-SENSEI,sensei-188,Sensomative_3001,5,0,53,0,116,123,24,153,0,30,0,5,0,Sensomative_3755,0,0,4,9,0,4,0,20,0,1,0,15,26,509,2022-11-16 14:30:32.018455505,
1668609032.1490035,SCAI-SENSEI,sensei-188,Sensomative_3001,5,0,52,0,114,121,26,155,1,31,0,5,1,Sensomative_3755,0,0,5,12,0,6,0,24,0,1,0,14,27,511,2022-11-16 14:30:32.149003506,
1668609032.2323542,SCAI-SENSEI,sensei-188,Sensomative_3001,6,0,51,0,113,121,27,157,1,31,0,4,2,Sensomative_3755,0,0,5,14,0,5,0,28,0,0,0,13,28,513,2022-11-16 14:30:32.232354164,
1668609032.348843,SCAI-SENSEI,sensei-188,Sensomative_3001,6,0,51,0,113,122,26,157,1,32,0,4,3,Sensomative_3755,0,0,5,15,0,5,0,28,0,0,0,13,29,515,2022-11-16 14:30:32.348843098,
1668609032.4321935,SCAI-SENSEI,sensei-188,Sensomative_3001,6,0,51,0,113,121,27,158,2,33,0,5,4,Sensomative_3755,0,0,6,16,0,5,1,28,0,0,0,13,30,520,2022-11-16 14:30:32.432193518,
1668609032.5496871,SCAI-SENSEI,sensei-188,Sensomative_3001,7,0,51,0,114,123,28,158,2,33,0,5,5,Sensomative_3755,0,0,6,16,0,6,1,27,0,0,0,13,31,526,2022-11-16 14:30:32.549687147,
1668609032.632033,SCAI-SENSEI,sensei-188,Sensomative_3001,8,0,51,0,115,123,28,159,2,33,1,5,6,Sensomative_3755,0,0,6,16,0,6,0,25,0,0,0,13,32,531,2022-11-16 14:30:32.632033110,
1668609032.7485223,SCAI-SENSEI,sensei-188,Sensomative_3001,8,0,51,0,115,123,28,159,2,33,0,5,7,Sensomative_3755,0,0,6,17,0,6,1,25,0,0,0,13,33,531,2022-11-16 14:30:32.748522282,
1668609032.8318725,SCAI-SENSEI,sensei-188,Sensomative_3001,8,0,51,0,115,123,28,160,2,34,0,5,8,Sensomative_3755,0,0,5,16,0,6,1,25,0,0,0,13,34,534,2022-11-16 14:30:32.831872463,
1668609032.9483616,SCAI-SENSEI,sensei-188,Sensomative_3001,8,0,52,0,115,123,28,160,3,34,0,5,9,Sensomative_3755,0,0,5,17,0,6,1,24,0,1,0,13,35,537,2022-11-16 14:30:32.948361635,
1668609033.0307076,SCAI-SENSEI,sensei-188,Sensomative_3001,8,0,51,0,115,123,28,160,3,33,1,5,10,Sensomative_3755,0,0,6,17,0,6,1,24,0,1,0,13,36,537,2022-11-16 14:30:33.030707598,
1668609033.1482012,SCAI-SENSEI,sensei-188,Sensomative_3001,8,0,51,0,115,123,29,160,3,34,0,5,11,Sensomative_3755,0,0,5,16,0,6,1,24,0,0,0,13,37,539,2022-11-16 14:30:33.148201227,
1668609033.2315514,SCAI-SENSEI,sensei-188,Sensomative_3001,8,0,51,0,115,123,29,161,3,34,1,5,12,Sensomative_3755,0,0,5,16,0,6,1,24,0,0,0,13,38,542,2022-11-16 14:30:33.231551409,
1668609033.3480408,SCAI-SENSEI,sensei-188,Sensomative_3001,9,0,51,0,116,124,29,161,3,34,1,5,13,Sensomative_3755,0,0,6,16,0,6,1,24,0,0,0,13,39,546,2022-11-16 14:30:33.348040819,
1668609033.4313908,SCAI-SENSEI,sensei-188,Sensomative_3001,8,0,51,0,116,124,28,161,3,34,1,5,14,Sensomative_3755,0,0,5,16,0,6,1,23,0,0,0,13,40,545,2022-11-16 14:30:33.431390762,
1668609033.546876,SCAI-SENSEI,sensei-188,Sensomative_3001,8,0,51,0,116,125,29,161,3,34,1,5,15,Sensomative_3755,0,0,5,16,0,6,0,23,0,0,0,13,41,548,2022-11-16 14:30:33.546875954,
1668609033.629222,SCAI-SENSEI,sensei-188,Sensomative_3001,8,0,51,0,116,125,29,162,3,34,1,5,16,Sensomative_3755,0,0,6,16,0,6,0,23,0,0,0,13,42,550,2022-11-16 14:30:33.629221916,
1668609033.7467155,SCAI-SENSEI,sensei-188,Sensomative_3001,8,0,51,0,116,125,29,162,3,33,1,5,17,Sensomative_3755,0,0,6,16,0,6,0,24,0,0,0,12,43,550,2022-11-16 14:30:33.746715546,
1668609033.8300655,SCAI-SENSEI,sensei-188,Sensomative_3001,8,0,51,0,116,126,29,162,3,34,1,5,18,Sensomative_3755,0,0,6,15,0,6,0,23,0,0,0,12,44,553,2022-11-16 14:30:33.830065489,
1668609033.945551,SCAI-SENSEI,sensei-188,Sensomative_3001,9,0,51,1,116,125,29,163,3,34,1,5,19,Sensomative_3755,0,0,6,16,0,6,0,23,0,0,0,12,45,556,2022-11-16 14:30:33.945550919,
1668609034.029905,SCAI-SENSEI,sensei-188,Sensomative_3001,9,0,51,1,116,125,29,163,3,34,1,4,20,Sensomative_3755,0,0,6,16,0,6,0,22,0,1,0,12,46,556,2022-11-16 14:30:34.029905081,
1668609034.1463945,SCAI-SENSEI,sensei-188,Sensomative_3001,8,0,51,1,116,126,29,163,3,33,1,5,21,Sensomative_3755,0,0,6,16,0,6,0,22,0,0,0,12,47,557,2022-11-16 14:30:34.146394491,
1668609034.229745,SCAI-SENSEI,sensei-188,Sensomative_3001,9,0,51,1,116,126,29,163,3,34,1,4,22,Sensomative_3755,0,0,6,15,0,6,0,22,0,1,0,12,48,559,2022-11-16 14:30:34.229744911,
1668609034.34523,SCAI-SENSEI,sensei-188,Sensomative_3001,9,0,51,1,117,126,29,163,3,34,1,4,23,Sensomative_3755,0,0,6,15,0,7,0,23,0,0,0,12,49,561,2022-11-16 14:30:34.345230103,
1668609034.4295845,SCAI-SENSEI,sensei-188,Sensomative_3001,9,0,51,1,116,126,29,163,3,34,1,4,24,Sensomative_3755,0,0,6,15,0,7,0,22,0,0,0,12,50,561,2022-11-16 14:30:34.429584503,
1668609034.562141,SCAI-SENSEI,sensei-188,Sensomative_3001,9,0,51,1,116,126,29,164,3,35,1,4,25,Sensomative_3755,0,0,7,15,0,7,0,22,0,0,0,12,51,564,2022-11-16 14:30:34.562140942,
1668609034.6284194,SCAI-SENSEI,sensei-188,Sensomative_3001,9,0,51,1,116,127,29,164,3,34,1,4,26,Sensomative_3755,0,0,6,16,0,7,0,23,0,0,0,12,52,565,2022-11-16 14:30:34.628419399,
1668609034.7619803,SCAI-SENSEI,sensei-188,Sensomative_3001,9,0,51,1,117,127,29,164,3,35,1,4,27,Sensomative_3755,0,0,6,17,0,7,0,23,0,1,0,12,53,568,2022-11-16 14:30:34.761980295,
1668609034.8282588,SCAI-SENSEI,sensei-188,Sensomative_3001,9,0,51,1,117,127,29,164,4,35,1,3,28,Sensomative_3755,0,0,6,17,0,7,0,23,0,1,0,12,53,569,2022-11-16 14:30:34.828258753,
1668609034.9608157,SCAI-SENSEI,sensei-188,Sensomative_3001,9,0,51,1,116,128,29,165,3,34,1,4,29,Sensomative_3755,0,0,6,16,0,7,0,23,0,0,0,13,55,570,2022-11-16 14:30:34.960815668,
1668609035.0270944,SCAI-SENSEI,sensei-188,Sensomative_3001,9,0,51,1,117,128,29,165,3,34,1,3,30,Sensomative_3755,0,0,6,16,0,7,0,23,0,0,0,13,55,571,2022-11-16 14:30:35.027094364,
1668609035.159651,SCAI-SENSEI,sensei-188,Sensomative_3001,8,0,51,1,117,128,29,165,3,34,1,4,31,Sensomative_3755,0,0,5,17,0,7,0,23,0,0,0,12,57,572,2022-11-16 14:30:35.159651041,
1668609035.2761405,SCAI-SENSEI,sensei-188,Sensomative_3001,9,0,53,1,117,128,29,165,4,34,1,4,32,Sensomative_3755,0,0,5,17,0,7,0,23,0,0,0,12,58,577,2022-11-16 14:30:35.276140451,
1668609035.3594904,SCAI-SENSEI,sensei-188,Sensomative_3001,8,0,51,1,117,128,30,166,4,34,1,3,33,Sensomative_3755,0,0,5,17,0,7,0,23,0,1,0,12,59,576,2022-11-16 14:30:35.359490395,
1668609035.476984,SCAI-SENSEI,sensei-188,Sensomative_3001,8,0,52,1,117,128,29,165,3,34,1,4,34,Sensomative_3755,0,0,5,17,0,7,0,23,0,0,0,12,60,576,2022-11-16 14:30:35.476984024,
1668609035.5603342,SCAI-SENSEI,sensei-188,Sensomative_3001,8,0,52,1,118,128,29,165,3,34,1,4,35,Sensomative_3755,0,0,5,17,0,7,0,22,0,0,0,12,61,578,2022-11-16 14:30:35.560334206,
1668609035.6758194,SCAI-SENSEI,sensei-188,Sensomative_3001,8,0,52,1,117,128,29,166,3,34,1,4,36,Sensomative_3755,0,0,5,17,0,7,1,23,0,0,0,12,62,579,2022-11-16 14:30:35.675819397,
1668609035.759169,SCAI-SENSEI,sensei-188,Sensomative_3001,8,0,52,1,118,129,30,166,3,34,1,4,37,Sensomative_3755,0,0,5,17,0,7,1,22,0,0,0,12,63,583,2022-11-16 14:30:35.759169102,
1668609035.8766632,SCAI-SENSEI,sensei-188,Sensomative_3001,8,0,52,1,118,129,29,166,3,34,1,3,38,Sensomative_3755,0,0,5,17,0,7,0,22,0,1,0,12,64,582,2022-11-16 14:30:35.876663208,
1668609035.9590092,SCAI-SENSEI,sensei-188,Sensomative_3001,8,0,52,1,118,129,29,166,3,34,1,4,39,Sensomative_3755,0,0,5,18,0,7,1,22,0,0,0,12,65,584,2022-11-16 14:30:35.959009171,
1668609036.0754983,SCAI-SENSEI,sensei-188,Sensomative_3001,8,0,52,1,117,129,29,166,3,34,1,3,40,Sensomative_3755,0,0,5,18,0,7,1,22,0,0,0,12,66,583,2022-11-16 14:30:36.075498343,
1668609036.1588483,SCAI-SENSEI,sensei-188,Sensomative_3001,6,0,52,1,117,130,28,167,3,33,0,1,41,Sensomative_3755,0,0,5,17,0,7,1,21,0,0,0,12,67,579,2022-11-16 14:30:36.158848286,
1668609036.2753377,SCAI-SENSEI,sensei-188,Sensomative_3001,1,0,50,1,119,138,29,170,2,28,0,0,42,Sensomative_3755,0,0,4,18,0,5,0,18,0,0,0,19,68,580,2022-11-16 14:30:36.275337696,
1668609036.3576837,SCAI-SENSEI,sensei-188,Sensomative_3001,1,0,47,1,121,145,31,172,1,24,0,0,43,Sensomative_3755,0,1,6,19,0,3,2,3,0,0,0,23,69,586,2022-11-16 14:30:36.357683659,
1668609036.4761815,SCAI-SENSEI,sensei-188,Sensomative_3001,0,0,46,0,120,145,31,166,2,24,0,0,44,Sensomative_3755,0,0,4,9,0,1,4,0,0,0,0,27,70,578,2022-11-16 14:30:36.476181507,
1668609036.5575233,SCAI-SENSEI,sensei-188,Sensomative_3001,0,0,49,0,121,139,31,154,2,28,0,0,45,Sensomative_3755,0,1,2,1,0,0,2,0,0,0,0,21,71,569,2022-11-16 14:30:36.557523251,
1668609036.691084,SCAI-SENSEI,sensei-188,Sensomative_3001,0,0,57,1,125,133,28,143,3,35,1,0,46,Sensomative_3755,0,1,2,0,0,0,1,0,0,0,0,0,72,572,2022-11-16 14:30:36.691083908,
1668609036.7573626,SCAI-SENSEI,sensei-188,Sensomative_3001,10,0,82,8,110,85,10,89,10,53,5,29,47,Sensomative_3755,0,0,1,0,0,0,0,0,0,0,0,0,73,538,2022-11-16 14:30:36.757362604,
1668609036.8899195,SCAI-SENSEI,sensei-188,Sensomative_3001,24,0,57,8,37,25,3,28,12,32,11,29,48,Sensomative_3755,0,0,1,0,0,0,0,0,0,0,0,0,74,314,2022-11-16 14:30:36.889919519,
1668609036.9572022,SCAI-SENSEI,sensei-188,Sensomative_3001,35,2,22,9,29,8,0,14,10,15,7,7,49,Sensomative_3755,0,0,1,0,0,0,0,0,0,0,0,0,75,207,2022-11-16 14:30:36.957202196,
1668609037.089759,SCAI-SENSEI,sensei-188,Sensomative_3001,39,1,13,7,28,5,0,11,7,10,5,2,50,Sensomative_3755,0,0,1,0,0,0,0,0,0,0,0,0,76,178,2022-11-16 14:30:37.089759111,
1668609037.1570415,SCAI-SENSEI,sensei-188,Sensomative_3001,35,1,7,6,24,2,0,10,3,5,4,0,51,Sensomative_3755,0,0,1,0,0,0,0,0,0,0,0,0,77,148,2022-11-16 14:30:37.157041550,
1668609037.2895985,SCAI-SENSEI,sensei-188,Sensomative_3001,28,1,2,5,19,1,0,10,3,3,3,0,52,Sensomative_3755,0,0,0,0,0,0,0,0,0,0,0,0,78,127,2022-11-16 14:30:37.289598465,
1668609037.3729486,SCAI-SENSEI,sensei-188,Sensomative_3001,21,0,2,4,17,0,0,9,3,2,2,0,53,Sensomative_3755,0,0,1,0,0,0,0,0,0,0,0,0,79,113,2022-11-16 14:30:37.372948647,
1668609037.4874296,SCAI-SENSEI,sensei-188,Sensomative_3001,17,0,0,3,15,0,0,8,2,1,1,0,54,Sensomative_3755,0,0,1,0,0,0,0,0,0,0,0,0,80,101,2022-11-16 14:30:37.487429619,
1668609037.5737922,SCAI-SENSEI,sensei-188,Sensomative_3001,15,0,0,2,14,0,0,7,2,0,1,0,55,Sensomative_3755,0,0,0,0,0,0,0,0,0,0,0,0,81,96,2022-11-16 14:30:37.573792219,
1668609037.686265,SCAI-SENSEI,sensei-188,Sensomative_3001,14,0,0,1,13,0,0,6,2,0,0,0,56,Sensomative_3755,0,0,1,0,0,0,0,0,0,0,0,0,82,92,2022-11-16 14:30:37.686264992,
1668609037.7716234,SCAI-SENSEI,sensei-188,Sensomative_3001,14,0,0,1,12,0,0,7,1,0,0,0,57,Sensomative_3755,0,0,0,0,0,0,0,0,0,0,0,0,83,92,2022-11-16 14:30:37.771623373,
1668609037.8871086,SCAI-SENSEI,sensei-188,Sensomative_3001,12,0,0,1,10,0,0,6,0,0,0,0,58,Sensomative_3755,0,0,1,0,0,0,0,0,0,0,0,0,84,87,2022-11-16 14:30:37.887108564,
1668609037.971463,SCAI-SENSEI,sensei-188,Sensomative_3001,11,0,0,1,10,0,0,6,0,0,0,0,59,Sensomative_3755,0,0,1,0,0,0,0,0,0,0,0,0,84,87,2022-11-16 14:30:37.971462965,
1668609038.087952,SCAI-SENSEI,sensei-188,Sensomative_3001,12,0,0,0,9,0,0,6,0,0,0,0,60,Sensomative_3755,0,0,1,0,0,0,0,0,0,0,0,0,86,87,2022-11-16 14:30:38.087951899,
1668609038.1713023,SCAI-SENSEI,sensei-188,Sensomative_3001,12,0,0,0,9,0,0,6,0,0,0,0,61,Sensomative_3755,0,0,1,0,0,0,0,0,0,0,0,0,86,88,2022-11-16 14:30:38.171302319,
1668609038.287792,SCAI-SENSEI,sensei-188,Sensomative_3001,12,0,0,0,8,0,0,5,0,0,0,0,62,Sensomative_3755,0,0,0,0,0,0,0,0,0,0,0,0,88,87,2022-11-16 14:30:38.287791967,
1668609038.4042811,SCAI-SENSEI,sensei-188,Sensomative_3001,12,0,0,0,9,0,0,6,0,0,0,0,63,Sensomative_3755,0,0,0,0,0,0,0,0,0,0,0,0,89,90,2022-11-16 14:30:38.404281139,
1668609038.487631,SCAI-SENSEI,sensei-188,Sensomative_3001,12,0,0,0,8,0,0,5,0,0,0,0,64,Sensomative_3755,0,0,0,0,0,0,0,0,0,0,0,0,90,89,2022-11-16 14:30:38.487631083,
1668609038.6041205,SCAI-SENSEI,sensei-188,Sensomative_3001,12,0,0,0,8,0,0,5,0,0,0,0,65,Sensomative_3755,0,0,0,0,0,0,0,0,0,0,0,0,91,90,2022-11-16 14:30:38.604120493,
1668609038.6864665,SCAI-SENSEI,sensei-188,Sensomative_3001,12,0,0,0,8,0,0,5,0,0,0,0,66,Sensomative_3755,0,0,0,0,0,0,0,0,0,0,0,0,92,91,2022-11-16 14:30:38.686466455,
1668609038.8190234,SCAI-SENSEI,sensei-188,Sensomative_3001,12,0,0,0,8,0,0,5,0,0,0,0,67,Sensomative_3755,0,0,0,0,0,0,0,0,0,0,0,0,93,92,2022-11-16 14:30:38.819023371,
1668609038.886306,SCAI-SENSEI,sensei-188,Sensomative_3001,11,0,0,0,8,0,0,5,0,0,0,0,68,Sensomative_3755,0,0,1,0,0,0,0,0,0,0,0,0,94,92,2022-11-16 14:30:38.886306047,
1668609039.019867,SCAI-SENSEI,sensei-188,Sensomative_3001,11,0,0,0,7,0,0,4,0,0,0,0,69,Sensomative_3755,0,0,1,0,0,0,0,0,0,0,0,0,95,91,2022-11-16 14:30:39.019866943,
1668609039.0861454,SCAI-SENSEI,sensei-188,Sensomative_3001,11,0,0,0,7,0,0,4,0,0,0,0,70,Sensomative_3755,0,0,1,0,0,0,0,0,0,0,0,0,96,92,2022-11-16 14:30:39.086145401,
1668609039.2197063,SCAI-SENSEI,sensei-188,Sensomative_3001,10,0,0,0,8,0,0,4,0,0,0,0,71,Sensomative_3755,0,0,1,0,0,0,0,0,0,0,0,0,97,93,2022-11-16 14:30:39.219706297,
1668609039.3030567,SCAI-SENSEI,sensei-188,Sensomative_3001,10,0,0,0,8,0,0,4,0,0,0,0,72,Sensomative_3755,0,0,1,0,0,0,0,0,0,0,0,0,98,94,2022-11-16 14:30:39.303056717,
1668609039.418542,SCAI-SENSEI,sensei-188,Sensomative_3001,10,0,0,0,8,0,0,4,0,0,0,0,73,Sensomative_3755,0,0,1,0,0,0,0,0,0,0,0,0,99,95,2022-11-16 14:30:39.418541908,
1668609039.501892,SCAI-SENSEI,sensei-188,Sensomative_3001,10,0,0,0,7,0,0,4,0,0,0,0,74,Sensomative_3755,0,0,1,0,0,0,0,0,0,0,0,0,100,95,2022-11-16 14:30:39.501892090,
1668609039.617377,SCAI-SENSEI,sensei-188,Sensomative_3001,10,0,0,0,8,0,0,4,0,0,0,0,75,Sensomative_3755,0,0,1,0,0,0,0,0,0,0,0,0,101,97,2022-11-16 14:30:39.617377043,
1668609039.7017317,SCAI-SENSEI,sensei-188,Sensomative_3001,10,0,0,0,8,0,0,4,0,0,0,0,76,Sensomative_3755,0,0,0,0,0,0,0,0,0,0,0,0,102,98,2022-11-16 14:30:39.701731682,
1668609039.8172166,SCAI-SENSEI,sensei-188,Sensomative_3001,10,0,0,0,7,0,0,4,0,0,0,0,77,Sensomative_3755,0,0,1,0,0,0,0,0,0,0,0,0,103,98,2022-11-16 14:30:39.817216635,
1668609039.901571,SCAI-SENSEI,sensei-188,Sensomative_3001,10,0,0,0,8,0,0,4,0,0,0,0,78,Sensomative_3755,0,0,1,0,0,0,0,0,0,0,0,0,104,100,2022-11-16 14:30:39.901571035,
1668609040.017056,SCAI-SENSEI,sensei-188,Sensomative_3001,10,0,0,0,7,0,0,4,0,0,0,0,79,Sensomative_3755,0,0,1,0,0,0,0,0,0,0,0,0,105,100,2022-11-16 14:30:40.017055988,
1668609040.1004062,SCAI-SENSEI,sensei-188,Sensomative_3001,10,0,0,0,7,0,0,4,0,0,0,0,80,Sensomative_3755,0,0,1,0,0,0,0,0,0,0,0,0,106,101,2022-11-16 14:30:40.100406170,
1668609040.2168956,SCAI-SENSEI,sensei-188,Sensomative_3001,10,0,0,0,7,0,0,4,0,0,0,0,81,Sensomative_3755,0,0,1,0,0,0,0,0,0,0,0,0,107,102,2022-11-16 14:30:40.216895580,
1668609040.3002458,SCAI-SENSEI,sensei-188,Sensomative_3001,10,0,0,0,7,0,0,4,0,0,0,0,82,Sensomative_3755,0,0,1,0,0,0,0,0,0,0,0,0,108,103,2022-11-16 14:30:40.300245762,
1668609040.4167352,SCAI-SENSEI,sensei-188,Sensomative_3001,10,0,0,0,7,0,0,5,0,0,0,0,83,Sensomative_3755,0,0,1,0,0,0,0,0,0,0,0,0,109,105,2022-11-16 14:30:40.416735172,
1668609040.500085,SCAI-SENSEI,sensei-188,Sensomative_3001,10,0,0,0,7,0,0,5,0,0,0,0,84,Sensomative_3755,0,0,1,0,0,0,0,0,0,0,0,0,110,106,2022-11-16 14:30:40.500085114,
1668609040.6165748,SCAI-SENSEI,sensei-188,Sensomative_3001,10,0,0,0,7,0,0,5,0,0,0,0,85,Sensomative_3755,0,0,1,0,0,0,0,0,0,0,0,0,111,107,2022-11-16 14:30:40.616574764,
1668609040.6999247,SCAI-SENSEI,sensei-188,Sensomative_3001,8,0,0,0,7,0,0,4,0,0,0,0,86,Sensomative_3755,0,0,1,0,0,0,0,0,0,0,0,0,112,105,2022-11-16 14:30:40.699924707,
1668609040.816414,SCAI-SENSEI,sensei-188,Sensomative_3001,7,0,0,0,7,0,0,5,0,0,0,0,87,Sensomative_3755,0,0,1,0,0,0,0,0,0,0,0,0,113,106,2022-11-16 14:30:40.816414118,
1668609040.89876,SCAI-SENSEI,sensei-188,Sensomative_3001,8,0,0,0,8,0,0,5,0,0,0,0,88,Sensomative_3755,0,0,1,0,0,0,0,0,0,0,0,0,114,109,2022-11-16 14:30:40.898760080,
1668609041.0152493,SCAI-SENSEI,sensei-188,Sensomative_3001,8,0,0,0,7,0,0,5,0,0,0,0,89,Sensomative_3755,0,0,1,0,0,0,0,0,0,0,0,0,115,109,2022-11-16 14:30:41.015249252,
1668609041.0985997,SCAI-SENSEI,sensei-188,Sensomative_3001,14,0,0,0,8,0,0,5,0,0,0,0,90,Sensomative_3755,0,0,1,0,0,0,0,0,0,0,0,0,115,117,2022-11-16 14:30:41.098599672,
1668609041.216093,SCAI-SENSEI,sensei-188,Sensomative_3001,41,0,1,0,4,0,0,2,0,2,0,8,91,Sensomative_3755,0,0,1,0,0,0,0,0,0,0,0,0,117,149,2022-11-16 14:30:41.216093063,
1668609041.3004477,SCAI-SENSEI,sensei-188,Sensomative_3001,15,0,80,0,78,37,0,74,0,45,0,37,92,Sensomative_3755,0,0,0,0,0,0,0,0,0,0,0,0,118,458,2022-11-16 14:30:41.300447702,
1668609041.432,SCAI-SENSEI,sensei-188,Sensomative_3001,4,0,44,0,98,98,16,132,0,26,0,4,93,Sensomative_3755,0,0,1,0,0,0,0,0,0,0,0,0,119,515,2022-11-16 14:30:41.431999922,1.0
1668609041.548489,SCAI-SENSEI,sensei-188,Sensomative_3001,0,0,32,0,96,100,18,123,0,19,0,0,94,Sensomative_3755,0,0,5,0,0,0,1,0,0,0,0,4,120,482,2022-11-16 14:30:41.548489094,
1668609041.6308353,SCAI-SENSEI,sensei-188,Sensomative_3001,0,0,32,0,112,116,28,148,0,19,0,0,95,Sensomative_3755,0,0,7,0,0,0,2,5,0,2,0,19,121,550,2022-11-16 14:30:41.630835295,
1668609041.7473247,SCAI-SENSEI,sensei-188,Sensomative_3001,0,0,40,0,115,119,29,150,0,18,0,0,96,Sensomative_3755,0,0,10,13,0,5,2,32,0,4,0,25,122,567,2022-11-16 14:30:41.747324705,
1668609041.8316789,SCAI-SENSEI,sensei-188,Sensomative_3001,0,0,48,0,116,119,28,153,0,22,0,0,97,Sensomative_3755,0,0,6,11,0,5,5,32,2,4,0,15,123,583,2022-11-16 14:30:41.831678867,
1668609041.9461598,SCAI-SENSEI,sensei-188,Sensomative_3001,0,0,55,0,117,118,28,153,0,29,0,0,98,Sensomative_3755,0,0,4,8,0,5,5,27,2,3,0,9,124,598,2022-11-16 14:30:41.946159840,
1668609042.0305145,SCAI-SENSEI,sensei-188,Sensomative_3001,0,0,53,0,117,115,28,153,0,30,0,0,99,Sensomative_3755,0,0,4,8,0,2,3,25,1,3,0,6,125,595,2022-11-16 14:30:42.030514479,
1668609042.1470037,SCAI-SENSEI,sensei-188,Sensomative_3001,0,0,52,0,118,118,27,149,0,32,0,0,100,Sensomative_3755,0,0,4,10,0,3,2,26,1,3,0,7,126,596,2022-11-16 14:30:42.147003651,
1668609042.2293496,SCAI-SENSEI,sensei-188,Sensomative_3001,0,0,51,0,118,121,27,149,0,32,0,0,101,Sensomative_3755,0,0,6,16,0,7,3,28,1,2,0,6,127,599,2022-11-16 14:30:42.229349613,
1668609042.3458388,SCAI-SENSEI,sensei-188,Sensomative_3001,0,0,51,0,119,122,27,147,0,33,0,0,102,Sensomative_3755,0,0,6,20,0,7,3,28,2,2,0,6,128,601,2022-11-16 14:30:42.345838785,
1668609042.429189,SCAI-SENSEI,sensei-188,Sensomative_3001,1,0,51,0,119,121,27,149,1,33,0,0,103,Sensomative_3755,0,0,6,21,0,7,4,27,2,2,0,5,129,605,2022-11-16 14:30:42.429188967,
1668609042.5466826,SCAI-SENSEI,sensei-188,Sensomative_3001,1,0,51,0,119,121,28,149,1,33,0,0,104,Sensomative_3755,0,0,6,22,0,8,4,27,3,2,0,5,130,607,2022-11-16 14:30:42.546682596,
1668609042.6290286,SCAI-SENSEI,sensei-188,Sensomative_3001,1,0,51,0,119,121,28,150,1,33,0,0,105,Sensomative_3755,0,0,6,23,0,8,4,28,2,2,0,5,131,609,2022-11-16 14:30:42.629028559,
1668609042.746522,SCAI-SENSEI,sensei-188,Sensomative_3001,1,0,51,0,119,121,28,151,1,34,0,0,106,Sensomative_3755,0,1,6,23,0,8,3,27,2,2,0,5,132,612,2022-11-16 14:30:42.746521950,
1668609042.828868,SCAI-SENSEI,sensei-188,Sensomative_3001,1,0,51,0,120,121,28,151,2,34,0,0,107,Sensomative_3755,0,1,6,22,0,7,3,27,3,2,0,5,133,615,2022-11-16 14:30:42.828867912,
1668609042.9453576,SCAI-SENSEI,sensei-188,Sensomative_3001,2,0,51,0,120,121,28,152,1,34,0,0,108,Sensomative_3755,0,1,6,22,0,7,3,27,2,2,0,5,134,617,2022-11-16 14:30:42.945357561,
1668609043.026699,SCAI-SENSEI,sensei-188,Sensomative_3001,2,0,52,0,120,120,28,152,2,34,0,0,109,Sensomative_3755,0,1,6,22,0,7,3,26,2,3,1,4,135,619,2022-11-16 14:30:43.026699066,
1668609043.145197,SCAI-SENSEI,sensei-188,Sensomative_3001,2,0,52,0,120,121,29,152,1,33,0,0,110,Sensomative_3755,0,1,6,22,0,8,3,27,2,2,0,4,136,620,2022-11-16 14:30:43.145196915,
1668609043.226539,SCAI-SENSEI,sensei-188,Sensomative_3001,2,0,51,0,120,120,28,153,2,34,0,0,111,Sensomative_3755,0,1,6,23,0,8,3,27,2,2,0,5,137,621,2022-11-16 14:30:43.226538897,
1668609043.344032,SCAI-SENSEI,sensei-188,Sensomative_3001,2,0,51,0,120,120,29,153,2,34,0,0,112,Sensomative_3755,0,1,6,23,0,8,3,27,2,3,1,4,138,623,2022-11-16 14:30:43.344032049,
1668609043.4243698,SCAI-SENSEI,sensei-188,Sensomative_3001,2,0,51,0,120,121,29,153,2,34,0,0,113,Sensomative_3755,0,1,6,22,0,8,3,26,2,3,1,4,139,625,2022-11-16 14:30:43.424369812,
1668609043.558935,SCAI-SENSEI,sensei-188,Sensomative_3001,2,0,51,0,121,121,29,154,2,34,0,0,114,Sensomative_3755,0,1,6,22,0,8,2,26,2,2,1,4,140,628,2022-11-16 14:30:43.558934927,
1668609043.6242092,SCAI-SENSEI,sensei-188,Sensomative_3001,3,0,51,0,121,121,29,154,2,34,0,0,115,Sensomative_3755,0,1,7,22,0,7,2,26,2,2,1,4,141,630,2022-11-16 14:30:43.624209166,
1668609043.7587745,SCAI-SENSEI,sensei-188,Sensomative_3001,3,0,51,0,121,121,29,155,2,35,0,0,116,Sensomative_3755,0,1,7,22,0,7,2,26,2,2,1,4,142,633,2022-11-16 14:30:43.758774519,
1668609043.8270612,SCAI-SENSEI,sensei-188,Sensomative_3001,3,0,51,0,121,121,30,155,2,34,0,0,117,Sensomative_3755,0,1,7,23,0,8,2,26,2,2,1,4,143,634,2022-11-16 14:30:43.827061176,
1668609043.9576097,SCAI-SENSEI,sensei-188,Sensomative_3001,3,0,51,0,121,122,29,155,2,35,0,0,118,Sensomative_3755,0,1,7,23,0,7,2,26,2,2,1,3,144,636,2022-11-16 14:30:43.957609653,
1668609044.0399556,SCAI-SENSEI,sensei-188,Sensomative_3001,3,0,52,0,121,122,30,155,2,35,0,0,119,Sensomative_3755,0,1,7,23,0,7,2,26,2,2,1,3,145,639,2022-11-16 14:30:44.039955616,
1668609044.1574492,SCAI-SENSEI,sensei-188,Sensomative_3001,3,0,52,0,121,121,30,155,2,35,0,0,120,Sensomative_3755,0,1,7,23,0,8,2,26,2,2,0,4,146,639,2022-11-16 14:30:44.157449245,
1668609044.2428076,SCAI-SENSEI,sensei-188,Sensomative_3001,3,0,52,0,121,121,30,156,2,34,0,0,121,Sensomative_3755,0,1,7,23,0,8,2,26,2,2,0,4,146,640,2022-11-16 14:30:44.242807627,
1668609044.3572886,SCAI-SENSEI,sensei-188,Sensomative_3001,3,0,52,0,121,122,30,156,2,35,0,0,122,Sensomative_3755,0,1,7,22,0,7,2,26,2,2,0,4,148,643,2022-11-16 14:30:44.357288599,
1668609044.4426472,SCAI-SENSEI,sensei-188,Sensomative_3001,3,0,52,0,121,122,30,156,2,34,0,0,123,Sensomative_3755,0,1,7,22,0,7,2,26,2,2,0,4,148,643,2022-11-16 14:30:44.442647219,
1668609044.5591366,SCAI-SENSEI,sensei-188,Sensomative_3001,3,0,52,0,121,122,30,156,2,35,0,0,124,Sensomative_3755,0,1,7,22,0,7,2,26,2,2,1,4,150,645,2022-11-16 14:30:44.559136629,
1668609044.6736176,SCAI-SENSEI,sensei-188,Sensomative_3001,3,0,53,0,121,123,30,156,2,35,0,0,125,Sensomative_3755,0,1,7,22,0,7,2,26,2,2,0,4,151,648,2022-11-16 14:30:44.673617601,
1668609044.7579718,SCAI-SENSEI,sensei-188,Sensomative_3001,3,0,51,0,122,123,30,156,2,34,0,0,126,Sensomative_3755,0,1,7,22,0,7,2,26,2,2,1,4,152,647,2022-11-16 14:30:44.757971764,
1668609044.8724527,SCAI-SENSEI,sensei-188,Sensomative_3001,3,0,51,0,122,122,30,156,2,34,0,0,127,Sensomative_3755,0,1,7,22,0,8,2,26,2,2,1,4,153,647,2022-11-16 14:30:44.872452736,
1668609044.9578114,SCAI-SENSEI,sensei-188,Sensomative_3001,3,0,52,0,122,122,30,156,2,34,0,0,128,Sensomative_3755,0,1,7,23,0,7,2,26,2,2,1,4,154,649,2022-11-16 14:30:44.957811356,
1668609045.0732963,SCAI-SENSEI,sensei-188,Sensomative_3001,3,0,52,0,122,122,30,156,2,35,0,0,129,Sensomative_3755,0,1,7,23,0,8,2,26,2,2,1,4,155,651,2022-11-16 14:30:45.073296309,
1668609045.1566465,SCAI-SENSEI,sensei-188,Sensomative_3001,3,0,52,0,122,122,30,157,2,34,0,0,130,Sensomative_3755,0,1,7,23,0,8,2,27,2,2,1,4,156,652,2022-11-16 14:30:45.156646490,
1668609045.273136,SCAI-SENSEI,sensei-188,Sensomative_3001,3,0,51,0,122,123,30,157,2,34,0,0,131,Sensomative_3755,0,1,6,24,0,8,2,27,2,2,1,4,157,653,2022-11-16 14:30:45.273135900,
1668609045.356486,SCAI-SENSEI,sensei-188,Sensomative_3001,3,0,51,0,122,123,30,157,2,34,0,0,132,Sensomative_3755,0,1,7,24,0,8,2,27,2,2,1,4,158,654,2022-11-16 14:30:45.356486082,
1668609045.4739797,SCAI-SENSEI,sensei-188,Sensomative_3001,3,0,52,0,122,123,31,157,3,34,0,0,133,Sensomative_3755,0,1,6,24,0,8,2,27,2,2,0,4,159,658,2022-11-16 14:30:45.473979712,
1668609045.5553217,SCAI-SENSEI,sensei-188,Sensomative_3001,3,0,52,0,122,124,31,157,2,34,0,0,134,Sensomative_3755,0,1,7,24,0,8,2,27,3,2,1,3,160,659,2022-11-16 14:30:45.555321693,
1668609045.6718106,SCAI-SENSEI,sensei-188,Sensomative_3001,3,0,52,0,122,124,31,157,2,34,0,0,135,Sensomative_3755,0,1,7,24,0,7,2,27,3,2,1,4,161,660,2022-11-16 14:30:45.671810627,
1668609045.756165,SCAI-SENSEI,sensei-188,Sensomative_3001,3,0,52,0,122,124,31,157,2,34,0,0,136,Sensomative_3755,0,1,6,25,0,8,2,27,2,2,1,4,162,661,2022-11-16 14:30:45.756165028,
1668609045.9228654,SCAI-SENSEI,sensei-188,Sensomative_3001,3,0,52,0,122,124,31,157,2,34,0,0,137,Sensomative_3755,0,1,6,25,0,8,2,26,3,2,1,4,163,662,2022-11-16 14:30:45.922865391,
1668609045.9550004,SCAI-SENSEI,sensei-188,Sensomative_3001,3,0,52,0,122,124,31,157,2,34,0,0,138,Sensomative_3755,0,1,6,25,0,8,2,27,3,2,1,3,164,663,2022-11-16 14:30:45.955000401,
1668609046.0885613,SCAI-SENSEI,sensei-188,Sensomative_3001,3,0,51,0,123,125,31,158,2,33,0,0,139,Sensomative_3755,0,1,6,24,0,8,2,27,3,2,0,3,165,665,2022-11-16 14:30:46.088561296,
1668609046.2060552,SCAI-SENSEI,sensei-188,Sensomative_3001,2,0,51,0,122,125,31,159,2,33,0,0,140,Sensomative_3755,0,1,6,24,0,7,2,27,3,2,0,4,166,665,2022-11-16 14:30:46.206055164,
1668609046.289405,SCAI-SENSEI,sensei-188,Sensomative_3001,2,0,50,0,122,126,31,161,2,33,0,0,141,Sensomative_3755,0,1,6,26,0,6,2,24,3,2,0,5,167,668,2022-11-16 14:30:46.289405107,
1668609046.371751,SCAI-SENSEI,sensei-188,Sensomative_3001,0,0,49,0,125,130,30,163,2,30,0,0,142,Sensomative_3755,0,1,7,26,0,4,2,14,2,2,1,6,168,671,2022-11-16 14:30:46.371751070,
1668609046.4872365,SCAI-SENSEI,sensei-188,Sensomative_3001,0,0,47,0,124,132,31,164,1,27,0,0,143,Sensomative_3755,0,2,7,20,0,2,4,2,0,0,0,16,169,669,2022-11-16 14:30:46.487236500,
1668609046.555523,SCAI-SENSEI,sensei-188,Sensomative_3001,0,0,49,0,120,127,31,163,1,28,0,0,144,Sensomative_3755,0,3,5,8,0,1,5,3,0,0,0,17,170,663,2022-11-16 14:30:46.555522919,
1668609046.68808,SCAI-SENSEI,sensei-188,Sensomative_3001,0,0,54,0,119,116,31,156,2,33,0,0,145,Sensomative_3755,0,2,2,1,0,0,2,3,0,0,1,8,171,656,2022-11-16 14:30:46.688080072,
1668609046.7684174,SCAI-SENSEI,sensei-188,Sensomative_3001,1,0,63,0,121,105,25,139,3,36,1,0,146,Sensomative_3755,0,1,0,0,0,0,1,1,0,0,1,0,172,640,2022-11-16 14:30:46.768417358,
1668609046.8879194,SCAI-SENSEI,sensei-188,Sensomative_3001,15,0,78,6,83,55,8,72,11,55,7,9,147,Sensomative_3755,0,0,0,0,0,0,0,1,0,0,0,0,173,546,2022-11-16 14:30:46.887919426,
1668609046.9702654,SCAI-SENSEI,sensei-188,Sensomative_3001,25,0,45,7,34,19,0,23,9,29,8,9,148,Sensomative_3755,0,0,0,0,0,0,0,0,0,0,0,0,174,356,2022-11-16 14:30:46.970265388,
1668609047.0867546,SCAI-SENSEI,sensei-188,Sensomative_3001,33,1,21,7,29,6,0,13,8,14,5,2,149,Sensomative_3755,0,0,0,0,0,0,0,0,0,0,0,0,175,288,2022-11-16 14:30:47.086754560,
1668609047.170105,SCAI-SENSEI,sensei-188,Sensomative_3001,31,1,13,6,29,3,0,10,6,8,4,1,150,Sensomative_3755,0,0,0,0,0,0,0,0,0,0,0,0,176,262,2022-11-16 14:30:47.170104980,
1668609047.2845857,SCAI-SENSEI,sensei-188,Sensomative_3001,31,1,6,5,24,1,0,9,3,4,3,0,151,Sensomative_3755,0,0,0,0,0,0,0,0,0,0,0,0,177,238,2022-11-16 14:30:47.284585714,
1668609047.3659277,SCAI-SENSEI,sensei-188,Sensomative_3001,23,1,2,4,20,1,0,9,3,3,3,0,152,Sensomative_3755,0,0,0,0,0,0,0,0,0,0,0,0,177,221,2022-11-16 14:30:47.365927696,
1668609047.4834208,SCAI-SENSEI,sensei-188,Sensomative_3001,18,0,2,4,18,0,0,10,3,2,2,0,153,Sensomative_3755,0,0,0,0,0,0,0,0,0,0,0,0,179,212,2022-11-16 14:30:47.483420849,
1668609047.5677752,SCAI-SENSEI,sensei-188,Sensomative_3001,14,0,1,3,17,0,0,10,3,1,2,0,154,Sensomative_3755,0,0,1,0,0,0,0,0,0,0,0,0,180,205,2022-11-16 14:30:47.567775249,
1668609047.6852689,SCAI-SENSEI,sensei-188,Sensomative_3001,11,0,0,2,15,0,0,8,2,0,1,0,155,Sensomative_3755,0,0,1,0,0,0,0,0,0,0,0,0,181,194,2022-11-16 14:30:47.685268879,
1668609047.8017583,SCAI-SENSEI,sensei-188,Sensomative_3001,10,0,0,2,13,0,0,7,1,0,0,0,156,Sensomative_3755,0,0,1,0,0,0,0,0,0,0,0,0,182,189,2022-11-16 14:30:47.801758289,
1668609047.8851085,SCAI-SENSEI,sensei-188,Sensomative_3001,9,0,0,1,13,0,0,7,0,0,0,0,157,Sensomative_3755,0,0,1,0,0,0,0,0,0,0,0,0,183,187,2022-11-16 14:30:47.885108471,
1668609048.0176651,SCAI-SENSEI,sensei-188,Sensomative_3001,9,0,0,1,12,0,0,6,0,0,0,0,158,Sensomative_3755,0,0,1,0,0,0,0,0,0,0,0,0,184,186,2022-11-16 14:30:48.017665148,
1668609048.0849478,SCAI-SENSEI,sensei-188,Sensomative_3001,8,0,0,1,10,0,0,6,0,0,0,0,159,Sensomative_3755,0,0,1,0,0,0,0,0,0,0,0,0,185,184,2022-11-16 14:30:48.084947824,
1668609048.218509,SCAI-SENSEI,sensei-188,Sensomative_3001,8,0,0,0,9,0,0,5,0,0,0,0,160,Sensomative_3755,0,0,1,0,0,0,0,0,0,0,0,0,186,182,2022-11-16 14:30:48.218508959,
1668609048.2837832,SCAI-SENSEI,sensei-188,Sensomative_3001,8,0,0,0,10,0,0,5,0,0,0,0,161,Sensomative_3755,0,0,1,0,0,0,0,0,0,0,0,0,187,184,2022-11-16 14:30:48.283783197,
1668609048.4143314,SCAI-SENSEI,sensei-188,Sensomative_3001,8,0,0,0,9,0,0,4,0,0,0,0,162,Sensomative_3755,0,0,1,0,0,0,0,0,0,0,0,0,188,183,2022-11-16 14:30:48.414331436,
1668609048.498686,SCAI-SENSEI,sensei-188,Sensomative_3001,8,0,0,0,9,0,0,4,0,0,0,0,163,Sensomative_3755,0,0,1,0,0,0,0,0,0,0,0,0,189,184,2022-11-16 14:30:48.498686075,
1668609048.6161797,SCAI-SENSEI,sensei-188,Sensomative_3001,8,0,0,0,9,0,0,4,0,0,0,0,164,Sensomative_3755,0,0,1,0,0,0,0,0,0,0,0,0,190,185,2022-11-16 14:30:48.616179705,
1668609048.6995296,SCAI-SENSEI,sensei-188,Sensomative_3001,9,0,0,0,9,0,0,4,0,0,0,0,165,Sensomative_3755,0,0,1,0,0,0,0,0,0,0,0,0,191,187,2022-11-16 14:30:48.699529648,
1668609048.8170233,SCAI-SENSEI,sensei-188,Sensomative_3001,8,0,0,0,9,0,0,4,0,0,0,0,166,Sensomative_3755,0,0,1,0,0,0,0,0,0,0,0,0,192,187,2022-11-16 14:30:48.817023277,
1668609048.9003732,SCAI-SENSEI,sensei-188,Sensomative_3001,9,0,0,0,8,0,0,5,0,0,0,0,167,Sensomative_3755,0,0,1,0,0,0,0,0,0,0,0,0,193,189,2022-11-16 14:30:48.900373220,
1668609049.0138502,SCAI-SENSEI,sensei-188,Sensomative_3001,9,0,0,0,8,0,0,4,0,0,0,0,168,Sensomative_3755,0,0,1,0,0,0,0,0,0,0,0,0,194,189,2022-11-16 14:30:49.013850212,
1668609049.0972002,SCAI-SENSEI,sensei-188,Sensomative_3001,9,0,0,0,8,0,0,5,0,0,0,0,169,Sensomative_3755,0,0,1,0,0,0,0,0,0,0,0,0,195,191,2022-11-16 14:30:49.097200155,
1668609049.212685,SCAI-SENSEI,sensei-188,Sensomative_3001,9,0,0,0,8,0,0,5,0,0,0,0,170,Sensomative_3755,0,0,1,0,0,0,0,0,0,0,0,0,196,192,2022-11-16 14:30:49.212685108,
1668609049.2950313,SCAI-SENSEI,sensei-188,Sensomative_3001,7,0,0,0,8,0,0,5,0,0,0,0,171,Sensomative_3755,0,0,1,0,0,0,0,0,0,0,0,0,197,191,2022-11-16 14:30:49.295031309,
1668609049.4155374,SCAI-SENSEI,sensei-188,Sensomative_3001,7,0,0,0,8,0,0,5,0,0,0,0,172,Sensomative_3755,0,0,1,0,0,0,0,0,0,0,0,0,198,192,2022-11-16 14:30:49.415537357,
1668609049.4988875,SCAI-SENSEI,sensei-188,Sensomative_3001,8,0,0,0,8,0,0,5,0,0,0,0,173,Sensomative_3755,0,0,1,0,0,0,0,0,0,0,0,0,199,194,2022-11-16 14:30:49.498887539,
1668609049.615377,SCAI-SENSEI,sensei-188,Sensomative_3001,8,0,0,0,8,0,0,5,0,0,0,0,174,Sensomative_3755,0,0,1,0,0,0,0,0,0,0,0,0,200,195,2022-11-16 14:30:49.615376949,
1668609049.697723,SCAI-SENSEI,sensei-188,Sensomative_3001,8,0,0,0,8,0,0,5,0,0,0,0,175,Sensomative_3755,0,0,1,0,0,0,0,0,0,0,0,0,201,196,2022-11-16 14:30:49.697722912,
1668609049.8142123,SCAI-SENSEI,sensei-188,Sensomative_3001,8,0,0,0,8,0,0,5,0,0,0,0,176,Sensomative_3755,0,0,1,0,0,0,0,0,0,0,0,0,202,197,2022-11-16 14:30:49.814212322,
1668609049.8975625,SCAI-SENSEI,sensei-188,Sensomative_3001,8,0,0,0,8,0,0,5,0,0,0,0,177,Sensomative_3755,0,0,1,0,0,0,0,0,0,0,0,0,203,198,2022-11-16 14:30:49.897562504,
1668609050.015056,SCAI-SENSEI,sensei-188,Sensomative_3001,8,0,0,0,8,0,0,5,0,0,0,0,178,Sensomative_3755,0,0,1,0,0,0,0,0,0,0,0,0,203,199,2022-11-16 14:30:50.015055895,
1668609050.097402,SCAI-SENSEI,sensei-188,Sensomative_3001,8,0,0,0,8,0,0,5,0,0,0,0,179,Sensomative_3755,0,0,1,0,0,0,0,0,0,0,0,0,205,200,2022-11-16 14:30:50.097402096,
1668609050.2148952,SCAI-SENSEI,sensei-188,Sensomative_3001,8,0,0,0,8,0,0,5,0,0,0,0,180,Sensomative_3755,0,0,1,0,0,0,0,0,0,0,0,0,206,201,2022-11-16 14:30:50.214895248,
1668609050.2962372,SCAI-SENSEI,sensei-188,Sensomative_3001,8,0,0,0,8,0,0,5,0,0,0,0,181,Sensomative_3755,0,0,1,0,0,0,0,0,0,0,0,0,207,202,2022-11-16 14:30:50.296237230,
1668609050.4127264,SCAI-SENSEI,sensei-188,Sensomative_3001,8,0,0,0,8,0,0,5,0,0,0,0,182,Sensomative_3755,0,0,1,0,0,0,0,0,0,0,0,0,208,203,2022-11-16 14:30:50.412726402,
1668609050.4960766,SCAI-SENSEI,sensei-188,Sensomative_3001,8,0,0,0,8,0,0,4,0,0,0,0,183,Sensomative_3755,0,0,1,0,0,0,0,0,0,0,0,0,208,203,2022-11-16 14:30:50.496076584,
1668609050.6637812,SCAI-SENSEI,sensei-188,Sensomative_3001,8,0,0,0,8,0,0,4,0,0,0,0,184,Sensomative_3755,0,0,1,0,0,0,0,0,0,0,0,0,210,204,2022-11-16 14:30:50.663781166,
1668609050.6959162,SCAI-SENSEI,sensei-188,Sensomative_3001,8,0,0,0,8,0,0,4,0,0,0,0,185,Sensomative_3755,0,0,1,0,0,0,0,0,0,0,0,0,210,205,2022-11-16 14:30:50.695916176,
1668609050.829477,SCAI-SENSEI,sensei-188,Sensomative_3001,8,0,0,0,8,0,0,4,0,0,0,0,186,Sensomative_3755,0,0,1,0,0,0,0,0,0,0,0,0,212,206,2022-11-16 14:30:50.829477072,
1668609050.9459667,SCAI-SENSEI,sensei-188,Sensomative_3001,8,0,0,0,8,0,0,4,0,0,0,0,187,Sensomative_3755,0,0,0,0,0,0,0,0,0,0,0,0,213,207,2022-11-16 14:30:50.945966721,
1668609051.023291,SCAI-SENSEI,sensei-188,Sensomative_3001,8,0,0,0,8,0,0,4,0,0,0,0,188,Sensomative_3755,0,0,0,0,0,0,0,0,0,0,0,0,214,208,2022-11-16 14:30:51.023291111,
