time,projectId,userId,device1,device1_value0,device1_value1,device1_value2,device1_value3,device1_value4,device1_value5,device1_value6,device1_value7,device1_value8,device1_value9,device1_value10,device1_value11,device1_value12,device2,device2_value0,device2_value1,device2_value2,device2_value3,device2_value4,device2_value5,device2_value6,device2_value7,device2_value8,device2_value9,device2_value10,device2_value11,device2_value12,1d_signal,timestamp
1668608991.054,SCAI-SENSEI,sensei-188,Sensomative_3001,10,0,0,0,6,0,0,6,0,0,0,0,127,Sensomative_3755,0,0,2,0,0,0,0,0,0,0,0,0,153,149,2022-11-16 14:29:51.053999901
1668608991.186,SCAI-SENSEI,sensei-188,Sensomative_3001,10,0,0,0,7,0,0,6,0,0,0,0,128,Sensomative_3755,0,0,2,0,0,0,0,0,0,0,0,0,154,151,2022-11-16 14:29:51.186000109
1668608991.252,SCAI-SENSEI,sensei-188,Sensomative_3001,10,0,0,0,7,0,0,6,0,0,0,0,129,Sensomative_3755,0,0,2,0,0,0,0,0,0,0,0,0,155,152,2022-11-16 14:29:51.252000092
1668608991.384,SCAI-SENSEI,sensei-188,Sensomative_3001,10,0,0,0,7,0,0,6,0,0,0,0,130,Sensomative_3755,0,0,2,0,0,0,0,0,0,0,0,0,156,153,2022-11-16 14:29:51.384000063
1668608991.451,SCAI-SENSEI,sensei-188,Sensomative_3001,10,0,0,0,6,0,0,6,0,0,0,0,131,Sensomative_3755,0,0,2,0,0,0,0,0,0,0,0,0,157,153,2022-11-16 14:29:51.450999975
1668608991.584,SCAI-SENSEI,sensei-188,Sensomative_3001,10,0,0,0,7,0,0,6,0,0,0,0,132,Sensomative_3755,0,0,2,0,0,0,0,0,0,0,0,0,158,155,2022-11-16 14:29:51.584000111
1668608991.651,SCAI-SENSEI,sensei-188,Sensomative_3001,10,0,0,0,7,0,0,6,0,0,0,0,133,Sensomative_3755,0,0,2,0,0,0,0,0,0,0,0,0,159,156,2022-11-16 14:29:51.651000023
1668608991.782,SCAI-SENSEI,sensei-188,Sensomative_3001,11,0,0,0,7,0,0,6,0,0,0,0,134,Sensomative_3755,0,0,2,0,0,0,0,0,0,0,0,0,160,158,2022-11-16 14:29:51.782000065
1668608991.866,SCAI-SENSEI,sensei-188,Sensomative_3001,10,0,0,0,7,0,0,6,0,0,0,0,135,Sensomative_3755,0,0,2,0,0,0,0,0,0,0,0,0,161,158,2022-11-16 14:29:51.865999937
1668608991.981,SCAI-SENSEI,sensei-188,Sensomative_3001,11,0,0,0,7,0,0,6,0,0,0,0,136,Sensomative_3755,0,0,2,0,0,0,0,0,0,0,0,0,162,160,2022-11-16 14:29:51.980999947
1668608992.064,SCAI-SENSEI,sensei-188,Sensomative_3001,11,0,0,0,7,0,0,6,0,0,0,0,137,Sensomative_3755,0,0,2,0,0,0,0,0,0,0,0,0,162,161,2022-11-16 14:29:52.063999891
1668608992.177,SCAI-SENSEI,sensei-188,Sensomative_3001,11,0,0,0,7,0,0,6,0,0,0,0,138,Sensomative_3755,0,0,2,0,0,0,0,0,0,0,0,0,164,162,2022-11-16 14:29:52.177000046
1668608992.26,SCAI-SENSEI,sensei-188,Sensomative_3001,11,0,0,0,7,0,0,6,0,0,0,0,139,Sensomative_3755,0,0,2,0,0,0,0,0,0,0,0,0,164,163,2022-11-16 14:29:52.259999990
1668608992.377,SCAI-SENSEI,sensei-188,Sensomative_3001,11,0,0,0,7,0,0,6,0,0,0,0,140,Sensomative_3755,0,0,2,0,0,0,0,0,0,0,0,0,166,164,2022-11-16 14:29:52.377000093
1668608992.495,SCAI-SENSEI,sensei-188,Sensomative_3001,11,0,0,0,7,0,0,6,0,0,0,0,141,Sensomative_3755,0,0,2,0,0,0,0,0,0,0,0,0,167,165,2022-11-16 14:29:52.494999886
1668608992.577,SCAI-SENSEI,sensei-188,Sensomative_3001,11,0,0,0,7,0,0,6,0,0,0,0,142,Sensomative_3755,0,0,2,0,0,0,0,0,0,0,0,0,168,166,2022-11-16 14:29:52.576999903
1668608992.694,SCAI-SENSEI,sensei-188,Sensomative_3001,11,0,0,0,7,0,0,6,0,0,0,0,143,Sensomative_3755,0,0,2,0,0,0,0,0,0,0,0,0,169,167,2022-11-16 14:29:52.694000006
1668608992.776,SCAI-SENSEI,sensei-188,Sensomative_3001,10,0,0,0,7,0,0,6,0,0,0,0,144,Sensomative_3755,0,0,2,0,0,0,0,0,0,0,0,0,170,167,2022-11-16 14:29:52.776000023
1668608992.892,SCAI-SENSEI,sensei-188,Sensomative_3001,10,0,0,0,7,0,0,6,0,0,0,0,145,Sensomative_3755,0,0,2,0,0,0,0,0,0,0,0,0,171,168,2022-11-16 14:29:52.891999960
1668608992.974,SCAI-SENSEI,sensei-188,Sensomative_3001,10,0,0,0,7,0,0,6,0,0,0,0,146,Sensomative_3755,0,0,2,0,0,0,0,0,0,0,0,0,172,169,2022-11-16 14:29:52.973999977
1668608993.091,SCAI-SENSEI,sensei-188,Sensomative_3001,11,0,0,0,7,0,0,6,0,0,0,0,147,Sensomative_3755,0,0,2,0,0,0,0,0,0,0,0,0,173,171,2022-11-16 14:29:53.091000080
1668608993.174,SCAI-SENSEI,sensei-188,Sensomative_3001,10,0,0,0,7,0,0,6,0,0,0,0,148,Sensomative_3755,0,0,2,0,0,0,0,0,0,0,0,0,174,171,2022-11-16 14:29:53.174000025
1668608993.307,SCAI-SENSEI,sensei-188,Sensomative_3001,10,0,0,0,6,0,0,6,0,0,0,0,149,Sensomative_3755,0,0,2,0,0,0,0,0,0,0,0,0,175,171,2022-11-16 14:29:53.306999922
1668608993.373,SCAI-SENSEI,sensei-188,Sensomative_3001,10,0,0,0,6,0,0,6,0,0,0,0,150,Sensomative_3755,0,0,2,0,0,0,0,0,0,0,0,0,176,172,2022-11-16 14:29:53.372999907
1668608993.506,SCAI-SENSEI,sensei-188,Sensomative_3001,10,0,0,0,6,0,0,6,0,0,0,0,151,Sensomative_3755,0,0,2,0,0,0,0,0,0,0,0,0,177,173,2022-11-16 14:29:53.506000042
1668608993.572,SCAI-SENSEI,sensei-188,Sensomative_3001,10,0,0,0,6,0,0,6,0,0,0,0,152,Sensomative_3755,0,0,2,0,0,0,0,0,0,0,0,0,178,174,2022-11-16 14:29:53.572000027
1668608993.704,SCAI-SENSEI,sensei-188,Sensomative_3001,10,0,0,0,6,0,0,6,0,0,0,0,153,Sensomative_3755,0,0,2,0,0,0,0,0,0,0,0,0,179,175,2022-11-16 14:29:53.703999996
1668608993.771,SCAI-SENSEI,sensei-188,Sensomative_3001,9,0,0,0,6,0,0,6,0,0,0,0,154,Sensomative_3755,0,0,2,0,0,0,0,0,0,0,0,0,180,175,2022-11-16 14:29:53.770999908
1668608993.903,SCAI-SENSEI,sensei-188,Sensomative_3001,10,0,0,0,6,0,0,6,0,0,0,0,155,Sensomative_3755,0,0,2,0,0,0,0,0,0,0,0,0,181,177,2022-11-16 14:29:53.903000116
1668608993.986,SCAI-SENSEI,sensei-188,Sensomative_3001,10,0,0,0,6,0,0,6,0,0,0,0,156,Sensomative_3755,0,0,2,0,0,0,0,0,0,0,0,0,182,178,2022-11-16 14:29:53.986000061
1668608994.101,SCAI-SENSEI,sensei-188,Sensomative_3001,8,0,0,0,6,0,0,6,0,0,0,0,157,Sensomative_3755,0,0,2,0,0,0,0,0,0,0,0,0,183,177,2022-11-16 14:29:54.101000071
1668608994.184,SCAI-SENSEI,sensei-188,Sensomative_3001,8,0,0,0,7,0,0,6,0,0,0,0,158,Sensomative_3755,0,0,2,0,0,0,0,0,0,0,0,0,184,179,2022-11-16 14:29:54.184000015
1668608994.3,SCAI-SENSEI,sensei-188,Sensomative_3001,9,0,0,0,7,0,0,6,0,0,0,0,159,Sensomative_3755,0,0,2,0,0,0,0,0,0,0,0,0,185,181,2022-11-16 14:29:54.299999952
1668608994.383,SCAI-SENSEI,sensei-188,Sensomative_3001,9,0,0,0,6,0,0,6,0,0,0,0,160,Sensomative_3755,0,0,2,0,0,0,0,0,0,0,0,0,186,181,2022-11-16 14:29:54.382999897
1668608994.499,SCAI-SENSEI,sensei-188,Sensomative_3001,9,0,0,0,7,0,0,6,0,0,0,0,161,Sensomative_3755,0,0,2,0,0,0,0,0,0,0,0,0,187,183,2022-11-16 14:29:54.499000072
1668608994.581,SCAI-SENSEI,sensei-188,Sensomative_3001,10,0,0,0,7,0,0,6,0,0,0,0,162,Sensomative_3755,0,0,2,0,0,0,0,0,0,0,0,0,188,185,2022-11-16 14:29:54.581000090
1668608994.697,SCAI-SENSEI,sensei-188,Sensomative_3001,10,0,0,0,6,0,0,6,0,0,0,0,163,Sensomative_3755,0,0,2,0,0,0,0,0,0,0,0,0,189,185,2022-11-16 14:29:54.697000027
1668608994.78,SCAI-SENSEI,sensei-188,Sensomative_3001,10,0,0,0,7,0,0,6,0,0,0,0,164,Sensomative_3755,0,0,2,0,0,0,0,0,0,0,0,0,190,187,2022-11-16 14:29:54.779999971
1668608994.897,SCAI-SENSEI,sensei-188,Sensomative_3001,10,0,0,0,7,0,0,6,0,0,0,0,165,Sensomative_3755,0,0,2,0,0,0,0,0,0,0,0,0,191,188,2022-11-16 14:29:54.897000074
1668608994.979,SCAI-SENSEI,sensei-188,Sensomative_3001,10,0,0,0,7,0,0,6,0,0,0,0,166,Sensomative_3755,0,0,2,0,0,0,0,0,0,0,0,0,192,189,2022-11-16 14:29:54.979000092
1668608995.095,SCAI-SENSEI,sensei-188,Sensomative_3001,10,0,0,0,7,0,0,6,0,0,0,0,167,Sensomative_3755,0,0,2,0,0,0,0,0,0,0,0,0,193,190,2022-11-16 14:29:55.095000029
1668608995.178,SCAI-SENSEI,sensei-188,Sensomative_3001,10,0,0,0,6,0,0,6,0,0,0,0,168,Sensomative_3755,0,0,2,0,0,0,0,0,0,0,0,0,193,190,2022-11-16 14:29:55.177999973
1668608995.294,SCAI-SENSEI,sensei-188,Sensomative_3001,10,0,0,0,6,0,0,6,0,0,0,0,169,Sensomative_3755,0,0,2,0,0,0,0,0,0,0,0,0,195,191,2022-11-16 14:29:55.293999910
1668608995.377,SCAI-SENSEI,sensei-188,Sensomative_3001,10,0,0,0,7,0,0,6,0,0,0,0,170,Sensomative_3755,0,0,2,0,0,0,0,0,0,0,0,0,195,193,2022-11-16 14:29:55.377000093
1668608995.492,SCAI-SENSEI,sensei-188,Sensomative_3001,10,0,0,0,7,0,0,6,0,0,0,0,171,Sensomative_3755,0,0,2,0,0,0,0,0,0,0,0,0,197,194,2022-11-16 14:29:55.492000103
1668608995.626,SCAI-SENSEI,sensei-188,Sensomative_3001,10,0,0,0,6,0,0,6,0,0,0,0,172,Sensomative_3755,0,0,2,0,0,0,0,0,0,0,0,0,198,194,2022-11-16 14:29:55.625999928
1668608995.692,SCAI-SENSEI,sensei-188,Sensomative_3001,10,0,0,0,7,0,0,6,0,0,0,0,173,Sensomative_3755,0,0,2,0,0,0,0,0,0,0,0,0,199,196,2022-11-16 14:29:55.691999912
1668608995.823,SCAI-SENSEI,sensei-188,Sensomative_3001,10,0,0,0,7,0,0,6,0,0,0,0,174,Sensomative_3755,0,0,2,0,0,0,0,0,0,0,0,0,200,197,2022-11-16 14:29:55.822999954
1668608995.906,SCAI-SENSEI,sensei-188,Sensomative_3001,10,0,0,0,7,0,0,6,0,0,0,0,175,Sensomative_3755,0,0,2,0,0,0,0,0,0,0,0,0,201,198,2022-11-16 14:29:55.905999899
1668608996.023,SCAI-SENSEI,sensei-188,Sensomative_3001,10,0,0,0,6,0,0,6,0,0,0,0,176,Sensomative_3755,0,0,2,0,0,0,0,0,0,0,0,0,202,198,2022-11-16 14:29:56.023000002
1668608996.106,SCAI-SENSEI,sensei-188,Sensomative_3001,10,0,0,0,6,0,0,6,0,0,0,0,177,Sensomative_3755,0,0,2,0,0,0,0,0,0,0,0,0,203,199,2022-11-16 14:29:56.105999947
1668608996.221,SCAI-SENSEI,sensei-188,Sensomative_3001,9,0,0,0,6,0,0,6,0,0,0,0,178,Sensomative_3755,0,0,2,0,0,0,0,0,0,0,0,0,204,199,2022-11-16 14:29:56.220999956
1668608996.304,SCAI-SENSEI,sensei-188,Sensomative_3001,9,0,0,0,6,0,0,6,0,0,0,0,179,Sensomative_3755,0,0,2,0,0,0,0,0,0,0,0,0,205,200,2022-11-16 14:29:56.303999901
1668608996.419,SCAI-SENSEI,sensei-188,Sensomative_3001,10,0,0,0,6,0,0,6,0,0,0,0,180,Sensomative_3755,0,0,2,0,0,0,0,0,0,0,0,0,206,202,2022-11-16 14:29:56.418999910
1668608996.502,SCAI-SENSEI,sensei-188,Sensomative_3001,10,0,0,0,6,0,0,6,0,0,0,0,181,Sensomative_3755,0,0,2,0,0,0,0,0,0,0,0,0,207,203,2022-11-16 14:29:56.502000093
1668608996.619,SCAI-SENSEI,sensei-188,Sensomative_3001,10,0,0,0,6,0,0,6,0,0,0,0,182,Sensomative_3755,0,0,2,0,0,0,0,0,0,0,0,0,208,204,2022-11-16 14:29:56.618999958
1668608996.703,SCAI-SENSEI,sensei-188,Sensomative_3001,10,0,0,0,6,0,0,6,0,0,0,0,183,Sensomative_3755,0,0,2,0,0,0,0,0,0,0,0,0,209,205,2022-11-16 14:29:56.703000069
1668608996.818,SCAI-SENSEI,sensei-188,Sensomative_3001,10,0,0,0,6,0,0,6,0,0,0,0,184,Sensomative_3755,0,0,2,0,0,0,0,0,0,0,0,0,210,206,2022-11-16 14:29:56.818000078
1668608996.901,SCAI-SENSEI,sensei-188,Sensomative_3001,10,0,0,0,6,0,0,6,0,0,0,0,185,Sensomative_3755,0,0,2,0,0,0,0,0,0,0,0,0,211,207,2022-11-16 14:29:56.901000023
1668608997.016,SCAI-SENSEI,sensei-188,Sensomative_3001,10,0,0,0,6,0,0,6,0,0,0,0,186,Sensomative_3755,0,0,2,0,0,0,0,0,0,0,0,0,212,208,2022-11-16 14:29:57.016000032
1668608997.099,SCAI-SENSEI,sensei-188,Sensomative_3001,10,0,0,0,6,0,0,6,0,0,0,0,187,Sensomative_3755,0,0,2,0,0,0,0,0,0,0,0,0,213,209,2022-11-16 14:29:57.098999977
1668608997.215,SCAI-SENSEI,sensei-188,Sensomative_3001,10,0,0,0,6,0,0,6,0,0,0,0,188,Sensomative_3755,0,0,2,0,0,0,0,0,0,0,0,0,214,210,2022-11-16 14:29:57.214999914
1668608997.299,SCAI-SENSEI,sensei-188,Sensomative_3001,10,0,0,0,6,0,0,6,0,0,0,0,189,Sensomative_3755,0,0,2,0,0,0,0,0,0,0,0,0,215,211,2022-11-16 14:29:57.299000025
1668608997.413,SCAI-SENSEI,sensei-188,Sensomative_3001,10,0,0,0,6,0,0,6,0,0,0,0,190,Sensomative_3755,0,0,2,0,0,0,0,0,0,0,0,0,216,212,2022-11-16 14:29:57.413000107
1668608997.494,SCAI-SENSEI,sensei-188,Sensomative_3001,10,0,0,0,6,0,0,6,0,0,0,0,191,Sensomative_3755,0,0,2,0,0,0,0,0,0,0,0,0,217,213,2022-11-16 14:29:57.493999958
1668608997.612,SCAI-SENSEI,sensei-188,Sensomative_3001,10,0,0,0,6,0,0,6,0,0,0,0,192,Sensomative_3755,0,0,2,0,0,0,0,0,0,0,0,0,218,214,2022-11-16 14:29:57.611999989
1668608997.695,SCAI-SENSEI,sensei-188,Sensomative_3001,10,0,0,0,6,0,0,6,0,0,0,0,193,Sensomative_3755,0,0,2,0,0,0,0,0,0,0,0,0,219,215,2022-11-16 14:29:57.694999933
1668608997.811,SCAI-SENSEI,sensei-188,Sensomative_3001,9,0,0,0,6,0,0,6,0,0,0,0,194,Sensomative_3755,0,0,2,0,0,0,0,0,0,0,0,0,220,215,2022-11-16 14:29:57.811000109
1668608997.893,SCAI-SENSEI,sensei-188,Sensomative_3001,9,0,0,0,6,0,0,6,0,0,0,0,195,Sensomative_3755,0,0,2,0,0,0,0,0,0,0,0,0,221,216,2022-11-16 14:29:57.892999887
1668608998.011,SCAI-SENSEI,sensei-188,Sensomative_3001,9,0,0,0,6,0,0,6,0,0,0,0,196,Sensomative_3755,0,0,2,0,0,0,0,0,0,0,0,0,222,217,2022-11-16 14:29:58.010999918
1668608998.093,SCAI-SENSEI,sensei-188,Sensomative_3001,9,0,0,0,6,0,0,6,0,0,0,0,197,Sensomative_3755,0,0,2,0,0,0,0,0,0,0,0,0,223,218,2022-11-16 14:29:58.092999935
1668608998.226,SCAI-SENSEI,sensei-188,Sensomative_3001,9,0,0,0,6,0,0,6,0,0,0,0,198,Sensomative_3755,0,0,2,0,0,0,0,0,0,0,0,0,224,219,2022-11-16 14:29:58.226000071
1668608998.293,SCAI-SENSEI,sensei-188,Sensomative_3001,9,0,0,0,6,0,0,6,0,0,0,0,199,Sensomative_3755,0,0,2,0,0,0,0,0,0,0,0,0,224,220,2022-11-16 14:29:58.292999983
1668608998.425,SCAI-SENSEI,sensei-188,Sensomative_3001,10,0,0,0,6,0,0,6,0,0,0,0,200,Sensomative_3755,0,0,2,0,0,0,0,0,0,0,0,0,226,222,2022-11-16 14:29:58.424999952
1668608998.507,SCAI-SENSEI,sensei-188,Sensomative_3001,10,0,0,0,6,0,0,6,0,0,0,0,201,Sensomative_3755,0,0,2,0,0,0,0,0,0,0,0,0,226,223,2022-11-16 14:29:58.506999969
1668608998.623,SCAI-SENSEI,sensei-188,Sensomative_3001,10,0,0,0,6,0,0,6,0,0,0,0,202,Sensomative_3755,0,0,2,0,0,0,0,0,0,0,0,0,228,224,2022-11-16 14:29:58.622999907
1668608998.739,SCAI-SENSEI,sensei-188,Sensomative_3001,10,0,0,0,7,0,0,6,0,0,0,0,203,Sensomative_3755,0,0,2,0,0,0,0,0,0,0,0,0,229,226,2022-11-16 14:29:58.739000082
1668608998.822,SCAI-SENSEI,sensei-188,Sensomative_3001,10,0,0,0,6,0,0,6,0,0,0,0,204,Sensomative_3755,0,0,2,0,0,0,0,0,0,0,0,0,230,226,2022-11-16 14:29:58.822000027
1668608998.938,SCAI-SENSEI,sensei-188,Sensomative_3001,10,0,0,0,6,0,0,6,0,0,0,0,205,Sensomative_3755,0,0,2,0,0,0,0,0,0,0,0,0,231,227,2022-11-16 14:29:58.937999964
1668608999.022,SCAI-SENSEI,sensei-188,Sensomative_3001,10,0,0,0,6,0,0,6,0,0,0,0,206,Sensomative_3755,0,0,2,0,0,0,0,0,0,0,0,0,232,228,2022-11-16 14:29:59.022000074
1668608999.137,SCAI-SENSEI,sensei-188,Sensomative_3001,10,0,0,0,6,0,0,6,0,0,0,0,207,Sensomative_3755,0,0,2,0,0,0,0,0,0,0,0,0,233,229,2022-11-16 14:29:59.137000084
1668608999.219,SCAI-SENSEI,sensei-188,Sensomative_3001,10,0,0,0,6,0,0,6,0,0,0,0,208,Sensomative_3755,0,0,2,0,0,0,0,0,0,0,0,0,234,230,2022-11-16 14:29:59.219000101
1668608999.335,SCAI-SENSEI,sensei-188,Sensomative_3001,10,0,0,0,6,0,0,6,0,0,0,0,209,Sensomative_3755,0,0,2,0,0,0,0,0,0,0,0,0,235,231,2022-11-16 14:29:59.335000038
1668608999.418,SCAI-SENSEI,sensei-188,Sensomative_3001,10,0,0,0,6,0,0,6,0,0,0,0,210,Sensomative_3755,0,0,2,0,0,0,0,0,0,0,0,0,236,232,2022-11-16 14:29:59.417999983
1668608999.534,SCAI-SENSEI,sensei-188,Sensomative_3001,10,0,0,0,6,0,0,6,0,0,0,0,211,Sensomative_3755,0,0,2,0,0,0,0,0,0,0,0,0,237,233,2022-11-16 14:29:59.533999919
1668608999.617,SCAI-SENSEI,sensei-188,Sensomative_3001,10,0,0,0,6,0,0,6,0,0,0,0,212,Sensomative_3755,0,0,2,0,0,0,0,0,0,0,0,0,238,234,2022-11-16 14:29:59.617000103
1668608999.733,SCAI-SENSEI,sensei-188,Sensomative_3001,10,0,0,0,6,0,0,6,0,0,0,0,213,Sensomative_3755,0,0,2,0,0,0,0,0,0,0,0,0,239,235,2022-11-16 14:29:59.733000040
1668608999.815,SCAI-SENSEI,sensei-188,Sensomative_3001,10,0,0,0,6,0,0,6,0,0,0,0,214,Sensomative_3755,0,0,2,0,0,0,0,0,0,0,0,0,240,236,2022-11-16 14:29:59.815000057
1668608999.932,SCAI-SENSEI,sensei-188,Sensomative_3001,10,0,0,0,6,0,0,6,0,0,0,0,215,Sensomative_3755,0,0,2,0,0,0,0,0,0,0,0,0,241,237,2022-11-16 14:29:59.931999922
1668609000.015,SCAI-SENSEI,sensei-188,Sensomative_3001,10,0,0,0,6,0,0,6,0,0,0,0,216,Sensomative_3755,0,0,0,0,0,0,0,0,0,0,0,0,242,238,2022-11-16 14:30:00.015000105
1668609000.146,SCAI-SENSEI,sensei-188,Sensomative_3001,10,0,0,0,6,0,0,6,0,0,0,0,217,Sensomative_3755,0,0,0,0,0,0,0,0,0,0,0,0,243,239,2022-11-16 14:30:00.145999908
1668609000.214,SCAI-SENSEI,sensei-188,Sensomative_3001,10,0,0,0,6,0,0,6,0,0,0,0,218,Sensomative_3755,0,0,2,0,0,0,0,0,0,0,0,0,244,240,2022-11-16 14:30:00.213999987
1668609000.346,SCAI-SENSEI,sensei-188,Sensomative_3001,10,0,0,0,6,0,0,6,0,0,0,0,219,Sensomative_3755,0,0,2,0,0,0,0,0,0,0,0,0,245,241,2022-11-16 14:30:00.345999956
1668609000.412,SCAI-SENSEI,sensei-188,Sensomative_3001,10,0,0,0,6,0,0,6,0,0,0,0,220,Sensomative_3755,0,0,2,0,0,0,0,0,0,0,0,0,246,242,2022-11-16 14:30:00.411999941
1668609000.545,SCAI-SENSEI,sensei-188,Sensomative_3001,10,0,0,0,6,0,0,6,0,0,0,0,221,Sensomative_3755,0,0,2,0,0,0,0,0,0,0,0,0,247,243,2022-11-16 14:30:00.545000076
1668609000.611,SCAI-SENSEI,sensei-188,Sensomative_3001,9,0,0,0,6,0,0,6,0,0,0,0,222,Sensomative_3755,0,0,2,0,0,0,0,0,0,0,0,0,248,243,2022-11-16 14:30:00.611000061
1668609000.743,SCAI-SENSEI,sensei-188,Sensomative_3001,9,0,0,0,6,0,0,6,0,0,0,0,223,Sensomative_3755,0,0,2,0,0,0,0,0,0,0,0,0,249,244,2022-11-16 14:30:00.743000031
1668609000.827,SCAI-SENSEI,sensei-188,Sensomative_3001,9,0,0,0,6,0,0,6,0,0,0,0,224,Sensomative_3755,0,0,2,0,0,0,0,0,0,0,0,0,250,245,2022-11-16 14:30:00.826999903
1668609000.943,SCAI-SENSEI,sensei-188,Sensomative_3001,10,0,0,0,6,0,0,6,0,0,0,0,225,Sensomative_3755,0,0,2,0,0,0,0,0,0,0,0,0,251,247,2022-11-16 14:30:00.943000078
1668609001.025,SCAI-SENSEI,sensei-188,Sensomative_3001,10,0,0,0,6,0,0,6,0,0,0,0,226,Sensomative_3755,0,0,2,0,0,0,0,0,0,0,0,0,252,248,2022-11-16 14:30:01.025000095
1668609001.141,SCAI-SENSEI,sensei-188,Sensomative_3001,9,0,0,0,6,0,0,6,0,0,0,0,227,Sensomative_3755,0,0,2,0,0,0,0,0,0,0,0,0,253,248,2022-11-16 14:30:01.141000032
1668609001.224,SCAI-SENSEI,sensei-188,Sensomative_3001,9,0,0,0,6,0,0,6,0,0,0,0,228,Sensomative_3755,0,0,2,0,0,0,0,0,0,0,0,0,254,249,2022-11-16 14:30:01.223999977
1668609001.341,SCAI-SENSEI,sensei-188,Sensomative_3001,9,0,0,0,6,0,0,6,0,0,0,0,229,Sensomative_3755,0,0,2,0,0,0,0,0,0,0,0,0,255,250,2022-11-16 14:30:01.341000080
1668609001.424,SCAI-SENSEI,sensei-188,Sensomative_3001,9,0,0,0,6,0,0,6,0,0,0,0,230,Sensomative_3755,0,0,2,0,0,0,0,0,0,0,0,0,0,251,2022-11-16 14:30:01.424000025
1668609001.539,SCAI-SENSEI,sensei-188,Sensomative_3001,9,0,0,0,6,0,0,6,0,0,0,0,231,Sensomative_3755,0,0,2,0,0,0,0,0,0,0,0,0,1,252,2022-11-16 14:30:01.539000034
1668609001.62,SCAI-SENSEI,sensei-188,Sensomative_3001,9,0,0,0,6,0,0,6,0,0,0,0,232,Sensomative_3755,0,0,2,0,0,0,0,0,0,0,0,0,1,253,2022-11-16 14:30:01.619999886
1668609001.738,SCAI-SENSEI,sensei-188,Sensomative_3001,9,0,0,0,6,0,0,6,0,0,0,0,233,Sensomative_3755,0,0,2,0,0,0,0,0,0,0,0,0,3,254,2022-11-16 14:30:01.737999916
1668609001.854,SCAI-SENSEI,sensei-188,Sensomative_3001,9,0,0,0,6,0,0,6,0,0,0,0,234,Sensomative_3755,0,0,2,0,0,0,0,0,0,0,0,0,4,255,2022-11-16 14:30:01.854000092
1668609001.936,SCAI-SENSEI,sensei-188,Sensomative_3001,9,0,0,0,6,0,0,6,0,0,0,0,235,Sensomative_3755,0,0,2,0,0,0,0,0,0,0,0,0,5,256,2022-11-16 14:30:01.936000109
1668609002.053,SCAI-SENSEI,sensei-188,Sensomative_3001,9,0,0,0,6,0,0,6,0,0,0,0,236,Sensomative_3755,0,0,2,0,0,0,0,0,0,0,0,0,6,257,2022-11-16 14:30:02.052999973
1668609002.135,SCAI-SENSEI,sensei-188,Sensomative_3001,9,0,0,0,6,0,0,6,0,0,0,0,237,Sensomative_3755,0,0,2,0,0,0,0,0,0,0,0,0,7,258,2022-11-16 14:30:02.134999990
1668609002.251,SCAI-SENSEI,sensei-188,Sensomative_3001,9,0,0,0,6,0,0,7,0,0,0,0,238,Sensomative_3755,0,0,2,0,0,0,0,0,0,0,0,0,8,260,2022-11-16 14:30:02.250999927
1668609002.334,SCAI-SENSEI,sensei-188,Sensomative_3001,9,0,0,0,6,0,0,6,0,0,0,0,239,Sensomative_3755,0,0,2,0,0,0,0,0,0,0,0,0,9,260,2022-11-16 14:30:02.334000111
1668609002.466,SCAI-SENSEI,sensei-188,Sensomative_3001,9,0,0,0,6,0,0,6,0,0,0,0,240,Sensomative_3755,0,0,2,0,0,0,0,0,0,0,0,0,10,261,2022-11-16 14:30:02.466000080
1668609002.533,SCAI-SENSEI,sensei-188,Sensomative_3001,9,0,0,0,6,0,0,6,0,0,0,0,241,Sensomative_3755,0,0,2,0,0,0,0,0,0,0,0,0,11,262,2022-11-16 14:30:02.532999992
1668609002.665,SCAI-SENSEI,sensei-188,Sensomative_3001,9,0,0,0,6,0,0,6,0,0,0,0,242,Sensomative_3755,0,0,2,0,0,0,0,0,0,0,0,0,12,263,2022-11-16 14:30:02.664999962
1668609002.731,SCAI-SENSEI,sensei-188,Sensomative_3001,9,0,0,0,6,0,0,6,0,0,0,0,243,Sensomative_3755,0,0,2,0,0,0,0,0,0,0,0,0,13,264,2022-11-16 14:30:02.730999947
1668609002.86,SCAI-SENSEI,sensei-188,Sensomative_3001,9,0,0,0,6,0,0,6,0,0,0,0,244,Sensomative_3755,0,0,2,0,0,0,0,0,0,0,0,0,14,265,2022-11-16 14:30:02.859999895
1668609002.947,SCAI-SENSEI,sensei-188,Sensomative_3001,9,0,0,0,6,0,0,6,0,0,0,0,245,Sensomative_3755,0,0,2,0,0,0,0,0,0,0,0,0,15,266,2022-11-16 14:30:02.947000027
1668609003.062,SCAI-SENSEI,sensei-188,Sensomative_3001,9,0,0,0,6,0,0,6,0,0,0,0,246,Sensomative_3755,0,0,2,0,0,0,0,0,0,0,0,0,16,267,2022-11-16 14:30:03.062000036
1668609003.142,SCAI-SENSEI,sensei-188,Sensomative_3001,9,0,0,0,6,0,0,6,0,0,0,0,247,Sensomative_3755,0,0,2,0,0,0,0,0,0,0,0,0,17,268,2022-11-16 14:30:03.141999960
1668609003.261,SCAI-SENSEI,sensei-188,Sensomative_3001,9,0,0,0,6,0,0,6,0,0,0,0,248,Sensomative_3755,0,0,2,0,0,0,0,0,0,0,0,0,18,269,2022-11-16 14:30:03.260999918
1668609003.344,SCAI-SENSEI,sensei-188,Sensomative_3001,9,0,0,0,6,0,0,6,0,0,0,0,249,Sensomative_3755,0,0,2,0,0,0,0,0,0,0,0,0,19,270,2022-11-16 14:30:03.344000101
1668609003.459,SCAI-SENSEI,sensei-188,Sensomative_3001,9,0,0,0,6,0,0,6,0,0,0,0,250,Sensomative_3755,0,0,2,0,0,0,0,0,0,0,0,0,20,271,2022-11-16 14:30:03.459000111
1668609003.542,SCAI-SENSEI,sensei-188,Sensomative_3001,9,0,0,0,6,0,0,6,0,0,0,0,251,Sensomative_3755,0,0,2,0,0,0,0,0,0,0,0,0,21,272,2022-11-16 14:30:03.542000055
1668609003.659,SCAI-SENSEI,sensei-188,Sensomative_3001,9,0,0,0,6,0,0,6,0,0,0,0,252,Sensomative_3755,0,0,2,0,0,0,0,0,0,0,0,0,22,273,2022-11-16 14:30:03.658999920
1668609003.742,SCAI-SENSEI,sensei-188,Sensomative_3001,9,0,0,0,6,0,0,6,0,0,0,0,253,Sensomative_3755,0,0,2,0,0,0,0,0,0,0,0,0,23,274,2022-11-16 14:30:03.742000103
1668609003.856,SCAI-SENSEI,sensei-188,Sensomative_3001,9,0,0,0,6,0,0,6,0,0,0,0,254,Sensomative_3755,0,0,2,0,0,0,0,0,0,0,0,0,24,275,2022-11-16 14:30:03.855999947
1668609003.94,SCAI-SENSEI,sensei-188,Sensomative_3001,9,0,0,0,6,0,0,6,0,0,0,0,255,Sensomative_3755,0,0,2,0,0,0,0,0,0,0,0,0,25,276,2022-11-16 14:30:03.940000057
1668609004.056,SCAI-SENSEI,sensei-188,Sensomative_3001,9,0,0,0,6,0,0,6,0,0,0,0,0,Sensomative_3755,0,0,2,0,0,0,0,0,0,0,0,0,26,21,2022-11-16 14:30:04.055999994
1668609004.138,SCAI-SENSEI,sensei-188,Sensomative_3001,9,0,0,0,6,0,0,6,0,0,0,0,1,Sensomative_3755,0,0,2,0,0,0,0,0,0,0,0,0,27,22,2022-11-16 14:30:04.138000011
1668609004.256,SCAI-SENSEI,sensei-188,Sensomative_3001,9,0,0,0,6,0,0,6,0,0,0,0,2,Sensomative_3755,0,0,2,0,0,0,0,0,0,0,0,0,28,23,2022-11-16 14:30:04.256000041
1668609004.339,SCAI-SENSEI,sensei-188,Sensomative_3001,10,0,0,0,6,0,0,6,0,0,0,0,3,Sensomative_3755,0,0,2,0,0,0,0,0,0,0,0,0,29,25,2022-11-16 14:30:04.338999987
1668609004.453,SCAI-SENSEI,sensei-188,Sensomative_3001,9,0,0,0,6,0,0,6,0,0,0,0,4,Sensomative_3755,0,0,2,0,0,0,0,0,0,0,0,0,30,25,2022-11-16 14:30:04.453000069
1668609004.537,SCAI-SENSEI,sensei-188,Sensomative_3001,9,0,0,0,6,0,0,6,0,0,0,0,5,Sensomative_3755,0,0,2,0,0,0,0,0,0,0,0,0,30,26,2022-11-16 14:30:04.536999941
1668609004.653,SCAI-SENSEI,sensei-188,Sensomative_3001,9,0,0,0,6,0,0,6,0,0,0,0,6,Sensomative_3755,0,0,2,0,0,0,0,0,0,0,0,0,32,27,2022-11-16 14:30:04.653000116
1668609004.735,SCAI-SENSEI,sensei-188,Sensomative_3001,10,0,0,0,6,0,0,6,0,0,0,0,7,Sensomative_3755,0,0,2,0,0,0,0,0,0,0,0,0,32,29,2022-11-16 14:30:04.734999895
1668609004.852,SCAI-SENSEI,sensei-188,Sensomative_3001,9,0,0,0,6,0,0,6,0,0,0,0,8,Sensomative_3755,0,0,2,0,0,0,0,0,0,0,0,0,34,29,2022-11-16 14:30:04.851999998
1668609004.984,SCAI-SENSEI,sensei-188,Sensomative_3001,9,0,0,0,6,0,0,6,0,0,0,0,9,Sensomative_3755,0,0,2,0,0,0,0,0,0,0,0,0,35,30,2022-11-16 14:30:04.983999968
1668609005.051,SCAI-SENSEI,sensei-188,Sensomative_3001,10,0,0,0,6,0,0,6,0,0,0,0,10,Sensomative_3755,0,0,2,0,0,0,0,0,0,0,0,0,36,32,2022-11-16 14:30:05.051000118
1668609005.182,SCAI-SENSEI,sensei-188,Sensomative_3001,10,0,0,0,6,0,0,6,0,0,0,0,11,Sensomative_3755,0,0,2,0,0,0,0,0,0,0,0,0,37,33,2022-11-16 14:30:05.181999922
1668609005.264,SCAI-SENSEI,sensei-188,Sensomative_3001,9,0,0,0,6,0,0,6,0,0,0,0,12,Sensomative_3755,0,0,2,0,0,0,0,0,0,0,0,0,38,33,2022-11-16 14:30:05.263999939
1668609005.38,SCAI-SENSEI,sensei-188,Sensomative_3001,10,0,0,0,6,0,0,6,0,0,0,0,13,Sensomative_3755,0,0,2,0,0,0,0,0,0,0,0,0,39,35,2022-11-16 14:30:05.380000114
1668609005.464,SCAI-SENSEI,sensei-188,Sensomative_3001,10,0,0,0,6,0,0,6,0,0,0,0,14,Sensomative_3755,0,0,2,0,0,0,0,0,0,0,0,0,40,36,2022-11-16 14:30:05.463999987
1668609005.58,SCAI-SENSEI,sensei-188,Sensomative_3001,10,0,0,0,6,0,0,6,0,0,0,0,15,Sensomative_3755,0,0,2,0,0,0,0,0,0,0,0,0,41,37,2022-11-16 14:30:05.579999924
1668609005.663,SCAI-SENSEI,sensei-188,Sensomative_3001,10,0,0,0,6,0,0,6,0,0,0,0,16,Sensomative_3755,0,0,2,0,0,0,0,0,0,0,0,0,42,38,2022-11-16 14:30:05.663000107
1668609005.778,SCAI-SENSEI,sensei-188,Sensomative_3001,10,0,0,0,6,0,0,6,0,0,0,0,17,Sensomative_3755,0,0,2,0,0,0,0,0,0,0,0,0,43,39,2022-11-16 14:30:05.778000116
1668609005.862,SCAI-SENSEI,sensei-188,Sensomative_3001,10,0,0,0,6,0,0,6,0,0,0,0,18,Sensomative_3755,0,0,2,0,0,0,0,0,0,0,0,0,44,40,2022-11-16 14:30:05.861999989
1668609005.979,SCAI-SENSEI,sensei-188,Sensomative_3001,9,0,0,0,6,0,0,6,0,0,0,0,19,Sensomative_3755,0,0,2,0,0,0,0,0,0,0,0,0,45,40,2022-11-16 14:30:05.979000092
1668609006.06,SCAI-SENSEI,sensei-188,Sensomative_3001,9,0,0,0,6,0,0,6,0,0,0,0,20,Sensomative_3755,0,0,2,0,0,0,0,0,0,0,0,0,46,41,2022-11-16 14:30:06.059999943
1668609006.176,SCAI-SENSEI,sensei-188,Sensomative_3001,10,0,0,0,6,0,0,6,0,0,0,0,21,Sensomative_3755,0,0,2,0,0,0,0,0,0,0,0,0,47,43,2022-11-16 14:30:06.176000118
1668609006.259,SCAI-SENSEI,sensei-188,Sensomative_3001,10,0,0,0,6,0,0,6,0,0,0,0,22,Sensomative_3755,0,0,2,0,0,0,0,0,0,0,0,0,48,44,2022-11-16 14:30:06.259000063
1668609006.374,SCAI-SENSEI,sensei-188,Sensomative_3001,9,0,0,0,6,0,0,6,0,0,0,0,23,Sensomative_3755,0,0,2,0,0,0,0,0,0,0,0,0,49,44,2022-11-16 14:30:06.374000072
1668609006.458,SCAI-SENSEI,sensei-188,Sensomative_3001,9,0,0,0,6,0,0,6,0,0,0,0,24,Sensomative_3755,0,0,2,0,0,0,0,0,0,0,0,0,50,45,2022-11-16 14:30:06.457999945
1668609006.574,SCAI-SENSEI,sensei-188,Sensomative_3001,9,0,0,0,6,0,0,6,0,0,0,0,25,Sensomative_3755,0,0,2,0,0,0,0,0,0,0,0,0,51,46,2022-11-16 14:30:06.573999882
1668609006.656,SCAI-SENSEI,sensei-188,Sensomative_3001,9,0,0,0,6,0,0,6,0,0,0,0,26,Sensomative_3755,0,0,2,0,0,0,0,0,0,0,0,0,52,47,2022-11-16 14:30:06.655999899
1668609006.773,SCAI-SENSEI,sensei-188,Sensomative_3001,10,0,0,0,6,0,0,6,0,0,0,0,27,Sensomative_3755,0,0,2,0,0,0,0,0,0,0,0,0,53,49,2022-11-16 14:30:06.773000002
1668609006.856,SCAI-SENSEI,sensei-188,Sensomative_3001,9,0,0,0,6,0,0,6,0,0,0,0,28,Sensomative_3755,0,0,2,0,0,0,0,0,0,0,0,0,54,49,2022-11-16 14:30:06.855999947
1668609006.971,SCAI-SENSEI,sensei-188,Sensomative_3001,9,0,0,0,6,0,0,6,0,0,0,0,29,Sensomative_3755,0,0,2,0,0,0,0,0,0,0,0,0,55,50,2022-11-16 14:30:06.970999956
1668609007.055,SCAI-SENSEI,sensei-188,Sensomative_3001,9,0,0,0,6,0,0,6,0,0,0,0,30,Sensomative_3755,0,0,2,0,0,0,0,0,0,0,0,0,56,51,2022-11-16 14:30:07.055000067
1668609007.171,SCAI-SENSEI,sensei-188,Sensomative_3001,9,0,0,0,6,0,0,6,0,0,0,0,31,Sensomative_3755,0,0,2,0,0,0,0,0,0,0,0,0,57,52,2022-11-16 14:30:07.171000004
1668609007.253,SCAI-SENSEI,sensei-188,Sensomative_3001,9,0,0,0,6,0,0,6,0,0,0,0,32,Sensomative_3755,0,0,2,0,0,0,0,0,0,0,0,0,58,53,2022-11-16 14:30:07.253000021
1668609007.383,SCAI-SENSEI,sensei-188,Sensomative_3001,10,0,0,0,6,0,0,6,0,0,0,0,33,Sensomative_3755,0,0,2,0,0,0,0,0,0,0,0,0,59,55,2022-11-16 14:30:07.382999897
1668609007.452,SCAI-SENSEI,sensei-188,Sensomative_3001,10,0,0,0,6,0,0,6,0,0,0,0,34,Sensomative_3755,0,0,2,0,0,0,0,0,0,0,0,0,60,56,2022-11-16 14:30:07.451999903
1668609007.585,SCAI-SENSEI,sensei-188,Sensomative_3001,10,0,0,0,6,0,0,6,0,0,0,0,35,Sensomative_3755,0,0,2,0,0,0,0,0,0,0,0,0,61,57,2022-11-16 14:30:07.585000038
1668609007.651,SCAI-SENSEI,sensei-188,Sensomative_3001,10,0,0,0,6,0,0,6,0,0,0,0,36,Sensomative_3755,0,0,2,0,0,0,0,0,0,0,0,0,61,58,2022-11-16 14:30:07.651000023
1668609007.783,SCAI-SENSEI,sensei-188,Sensomative_3001,10,0,0,0,6,0,0,6,0,0,0,0,37,Sensomative_3755,0,0,2,0,0,0,0,0,0,0,0,0,63,59,2022-11-16 14:30:07.782999992
1668609007.866,SCAI-SENSEI,sensei-188,Sensomative_3001,10,0,0,0,6,0,0,6,0,0,0,0,38,Sensomative_3755,0,0,2,0,0,0,0,0,0,0,0,0,63,60,2022-11-16 14:30:07.865999937
1668609007.982,SCAI-SENSEI,sensei-188,Sensomative_3001,9,0,0,0,6,0,0,6,0,0,0,0,39,Sensomative_3755,0,0,2,0,0,0,0,0,0,0,0,0,65,60,2022-11-16 14:30:07.982000113
1668609008.098,SCAI-SENSEI,sensei-188,Sensomative_3001,10,0,0,0,6,0,0,6,0,0,0,0,40,Sensomative_3755,0,0,2,0,0,0,0,0,0,0,0,0,66,62,2022-11-16 14:30:08.098000050
1668609008.181,SCAI-SENSEI,sensei-188,Sensomative_3001,10,0,0,0,6,0,0,6,0,0,0,0,41,Sensomative_3755,0,0,2,0,0,0,0,0,0,0,0,0,67,63,2022-11-16 14:30:08.180999994
1668609008.293,SCAI-SENSEI,sensei-188,Sensomative_3001,10,0,0,0,6,0,0,6,0,0,0,0,42,Sensomative_3755,0,0,2,0,0,0,0,0,0,0,0,0,68,64,2022-11-16 14:30:08.292999983
1668609008.379,SCAI-SENSEI,sensei-188,Sensomative_3001,9,0,0,0,6,0,0,6,0,0,0,0,43,Sensomative_3755,0,0,2,0,0,0,0,0,0,0,0,0,69,64,2022-11-16 14:30:08.378999949
1668609008.492,SCAI-SENSEI,sensei-188,Sensomative_3001,10,0,0,0,6,0,0,6,0,0,0,0,44,Sensomative_3755,0,0,2,0,0,0,0,0,0,0,0,0,70,66,2022-11-16 14:30:08.492000103
1668609008.578,SCAI-SENSEI,sensei-188,Sensomative_3001,10,0,0,0,6,0,0,6,0,0,0,0,45,Sensomative_3755,0,0,2,0,0,0,0,0,0,0,0,0,71,67,2022-11-16 14:30:08.578000069
1668609008.694,SCAI-SENSEI,sensei-188,Sensomative_3001,10,0,0,0,6,0,0,6,0,0,0,0,46,Sensomative_3755,0,0,2,0,0,0,0,0,0,0,0,0,72,68,2022-11-16 14:30:08.694000006
1668609008.777,SCAI-SENSEI,sensei-188,Sensomative_3001,10,0,0,0,6,0,0,6,0,0,0,0,47,Sensomative_3755,0,0,2,0,0,0,0,0,0,0,0,0,73,69,2022-11-16 14:30:08.776999950
1668609008.894,SCAI-SENSEI,sensei-188,Sensomative_3001,10,0,0,0,6,0,0,6,0,0,0,0,48,Sensomative_3755,0,0,2,0,0,0,0,0,0,0,0,0,74,70,2022-11-16 14:30:08.894000053
1668609008.976,SCAI-SENSEI,sensei-188,Sensomative_3001,10,0,0,0,6,0,0,6,0,0,0,0,49,Sensomative_3755,0,0,2,0,0,0,0,0,0,0,0,0,75,71,2022-11-16 14:30:08.976000071
1668609009.093,SCAI-SENSEI,sensei-188,Sensomative_3001,10,0,0,0,6,0,0,6,0,0,0,0,50,Sensomative_3755,0,0,2,0,0,0,0,0,0,0,0,0,76,72,2022-11-16 14:30:09.092999935
1668609009.175,SCAI-SENSEI,sensei-188,Sensomative_3001,10,0,0,0,6,0,0,6,0,0,0,0,51,Sensomative_3755,0,0,2,0,0,0,0,0,0,0,0,0,77,73,2022-11-16 14:30:09.174999952
1668609009.307,SCAI-SENSEI,sensei-188,Sensomative_3001,10,0,0,0,6,0,0,6,0,0,0,0,52,Sensomative_3755,0,0,2,0,0,0,0,0,0,0,0,0,78,74,2022-11-16 14:30:09.306999922
1668609009.373,SCAI-SENSEI,sensei-188,Sensomative_3001,10,0,0,0,6,0,0,6,0,0,0,0,53,Sensomative_3755,0,0,2,0,0,0,0,0,0,0,0,0,79,75,2022-11-16 14:30:09.372999907
1668609009.506,SCAI-SENSEI,sensei-188,Sensomative_3001,10,0,0,0,6,0,0,6,0,0,0,0,54,Sensomative_3755,0,0,2,0,0,0,0,0,0,0,0,0,80,76,2022-11-16 14:30:09.506000042
1668609009.572,SCAI-SENSEI,sensei-188,Sensomative_3001,10,0,0,0,6,0,0,6,0,0,0,0,55,Sensomative_3755,0,0,2,0,0,0,0,0,0,0,0,0,81,77,2022-11-16 14:30:09.572000027
1668609009.705,SCAI-SENSEI,sensei-188,Sensomative_3001,10,0,0,0,6,0,0,6,0,0,0,0,56,Sensomative_3755,0,0,2,0,0,0,0,0,0,0,0,0,82,78,2022-11-16 14:30:09.704999924
1668609009.77,SCAI-SENSEI,sensei-188,Sensomative_3001,10,0,0,0,6,0,0,6,0,0,0,0,57,Sensomative_3755,0,0,2,0,0,0,0,0,0,0,0,0,83,79,2022-11-16 14:30:09.769999981
1668609009.902,SCAI-SENSEI,sensei-188,Sensomative_3001,10,0,0,0,6,0,0,6,0,0,0,0,58,Sensomative_3755,0,0,2,0,0,0,0,0,0,0,0,0,84,80,2022-11-16 14:30:09.901999950
1668609009.986,SCAI-SENSEI,sensei-188,Sensomative_3001,10,0,0,0,6,0,0,6,0,0,0,0,59,Sensomative_3755,0,0,2,0,0,0,0,0,0,0,0,0,85,81,2022-11-16 14:30:09.986000061
1668609010.102,SCAI-SENSEI,sensei-188,Sensomative_3001,10,0,0,0,6,0,0,6,0,0,0,0,60,Sensomative_3755,0,0,2,0,0,0,0,0,0,0,0,0,86,82,2022-11-16 14:30:10.101999998
1668609010.185,SCAI-SENSEI,sensei-188,Sensomative_3001,10,0,0,0,6,0,0,6,0,0,0,0,61,Sensomative_3755,0,0,2,0,0,0,0,0,0,0,0,0,87,83,2022-11-16 14:30:10.184999943
1668609010.301,SCAI-SENSEI,sensei-188,Sensomative_3001,10,0,0,0,6,0,0,6,0,0,0,0,62,Sensomative_3755,0,0,2,0,0,0,0,0,0,0,0,0,88,84,2022-11-16 14:30:10.301000118
1668609010.383,SCAI-SENSEI,sensei-188,Sensomative_3001,10,0,0,0,6,0,0,6,0,0,0,0,63,Sensomative_3755,0,0,2,0,0,0,0,0,0,0,0,0,89,85,2022-11-16 14:30:10.382999897
1668609010.498,SCAI-SENSEI,sensei-188,Sensomative_3001,10,0,0,0,6,0,0,6,0,0,0,0,64,Sensomative_3755,0,0,2,0,0,0,0,0,0,0,0,0,90,86,2022-11-16 14:30:10.497999907
1668609010.582,SCAI-SENSEI,sensei-188,Sensomative_3001,10,0,0,0,6,0,0,6,0,0,0,0,65,Sensomative_3755,0,0,2,0,0,0,0,0,0,0,0,0,91,87,2022-11-16 14:30:10.582000017
1668609010.698,SCAI-SENSEI,sensei-188,Sensomative_3001,10,0,0,0,6,0,0,6,0,0,0,0,66,Sensomative_3755,0,0,2,0,0,0,0,0,0,0,0,0,92,88,2022-11-16 14:30:10.697999954
1668609010.781,SCAI-SENSEI,sensei-188,Sensomative_3001,10,0,0,0,6,0,0,6,0,0,0,0,67,Sensomative_3755,0,0,2,0,0,0,0,0,0,0,0,0,92,89,2022-11-16 14:30:10.780999899
1668609010.896,SCAI-SENSEI,sensei-188,Sensomative_3001,10,0,0,0,6,0,0,6,0,0,0,0,68,Sensomative_3755,0,0,2,0,0,0,0,0,0,0,0,0,94,90,2022-11-16 14:30:10.895999908
1668609010.98,SCAI-SENSEI,sensei-188,Sensomative_3001,10,0,0,0,5,0,0,6,0,0,0,0,69,Sensomative_3755,0,0,2,0,0,0,0,0,0,0,0,0,95,90,2022-11-16 14:30:10.980000019
1668609011.095,SCAI-SENSEI,sensei-188,Sensomative_3001,10,0,0,0,6,0,0,6,0,0,0,0,70,Sensomative_3755,0,0,2,0,0,0,0,0,0,0,0,0,96,92,2022-11-16 14:30:11.095000029
1668609011.212,SCAI-SENSEI,sensei-188,Sensomative_3001,10,0,0,0,6,0,0,6,0,0,0,0,71,Sensomative_3755,0,0,2,0,0,0,0,0,0,0,0,0,97,93,2022-11-16 14:30:11.211999893
1668609011.295,SCAI-SENSEI,sensei-188,Sensomative_3001,10,0,0,0,6,0,0,6,0,0,0,0,72,Sensomative_3755,0,0,2,0,0,0,0,0,0,0,0,0,98,94,2022-11-16 14:30:11.295000076
1668609011.428,SCAI-SENSEI,sensei-188,Sensomative_3001,10,0,0,0,6,0,0,6,0,0,0,0,73,Sensomative_3755,0,0,2,0,0,0,0,0,0,0,0,0,99,95,2022-11-16 14:30:11.427999973
1668609011.494,SCAI-SENSEI,sensei-188,Sensomative_3001,10,0,0,0,5,0,0,6,0,0,0,0,74,Sensomative_3755,0,0,2,0,0,0,0,0,0,0,0,0,100,95,2022-11-16 14:30:11.493999958
1668609011.626,SCAI-SENSEI,sensei-188,Sensomative_3001,10,0,0,0,5,0,0,6,0,0,0,0,75,Sensomative_3755,0,0,2,0,0,0,0,0,0,0,0,0,101,96,2022-11-16 14:30:11.625999928
1668609011.692,SCAI-SENSEI,sensei-188,Sensomative_3001,10,0,0,0,5,0,0,6,0,0,0,0,76,Sensomative_3755,0,0,2,0,0,0,0,0,0,0,0,0,102,97,2022-11-16 14:30:11.691999912
1668609011.823,SCAI-SENSEI,sensei-188,Sensomative_3001,10,0,0,0,5,0,0,6,0,0,0,0,77,Sensomative_3755,0,0,2,0,0,0,0,0,0,0,0,0,103,98,2022-11-16 14:30:11.822999954
1668609011.906,SCAI-SENSEI,sensei-188,Sensomative_3001,10,0,0,0,5,0,0,6,0,0,0,0,78,Sensomative_3755,0,0,2,0,0,0,0,0,0,0,0,0,104,99,2022-11-16 14:30:11.905999899
1668609012.023,SCAI-SENSEI,sensei-188,Sensomative_3001,10,0,0,0,6,0,0,6,0,0,0,0,79,Sensomative_3755,0,0,2,0,0,0,0,0,0,0,0,0,105,101,2022-11-16 14:30:12.023000002
1668609012.107,SCAI-SENSEI,sensei-188,Sensomative_3001,10,0,0,0,6,0,0,5,0,0,0,0,80,Sensomative_3755,0,0,2,0,0,0,0,0,0,0,0,0,106,101,2022-11-16 14:30:12.107000113
1668609012.222,SCAI-SENSEI,sensei-188,Sensomative_3001,10,0,0,0,5,0,0,6,0,0,0,0,81,Sensomative_3755,0,0,2,0,0,0,0,0,0,0,0,0,107,102,2022-11-16 14:30:12.221999884
1668609012.305,SCAI-SENSEI,sensei-188,Sensomative_3001,10,0,0,0,5,0,0,6,0,0,0,0,82,Sensomative_3755,0,0,2,0,0,0,0,0,0,0,0,0,108,103,2022-11-16 14:30:12.305000067
1668609012.422,SCAI-SENSEI,sensei-188,Sensomative_3001,9,0,0,0,6,0,0,6,0,0,0,0,83,Sensomative_3755,0,0,2,0,0,0,0,0,0,0,0,0,109,104,2022-11-16 14:30:12.421999931
1668609012.504,SCAI-SENSEI,sensei-188,Sensomative_3001,10,0,0,0,5,0,0,6,0,0,0,0,84,Sensomative_3755,0,0,2,0,0,0,0,0,0,0,0,0,110,105,2022-11-16 14:30:12.503999949
1668609012.618,SCAI-SENSEI,sensei-188,Sensomative_3001,10,0,0,0,5,0,0,6,0,0,0,0,85,Sensomative_3755,0,0,2,0,0,0,0,0,0,0,0,0,111,106,2022-11-16 14:30:12.618000031
1668609012.703,SCAI-SENSEI,sensei-188,Sensomative_3001,10,0,0,0,5,0,0,6,0,0,0,0,86,Sensomative_3755,0,0,2,0,0,0,0,0,0,0,0,0,112,107,2022-11-16 14:30:12.703000069
1668609012.818,SCAI-SENSEI,sensei-188,Sensomative_3001,10,0,0,0,5,0,0,6,0,0,0,0,87,Sensomative_3755,0,0,2,0,0,0,0,0,0,0,0,0,113,108,2022-11-16 14:30:12.818000078
1668609012.901,SCAI-SENSEI,sensei-188,Sensomative_3001,9,0,0,0,5,0,0,6,0,0,0,0,88,Sensomative_3755,0,0,2,0,0,0,0,0,0,0,0,0,114,108,2022-11-16 14:30:12.901000023
1668609013.018,SCAI-SENSEI,sensei-188,Sensomative_3001,9,0,0,0,5,0,0,6,0,0,0,0,89,Sensomative_3755,0,0,2,0,0,0,0,0,0,0,0,0,115,109,2022-11-16 14:30:13.017999887
1668609013.099,SCAI-SENSEI,sensei-188,Sensomative_3001,9,0,0,0,5,0,0,6,0,0,0,0,90,Sensomative_3755,0,0,2,0,0,0,0,0,0,0,0,0,116,110,2022-11-16 14:30:13.098999977
1668609013.216,SCAI-SENSEI,sensei-188,Sensomative_3001,10,0,0,0,5,0,0,6,0,0,0,0,91,Sensomative_3755,0,0,2,0,0,0,0,0,0,0,0,0,117,112,2022-11-16 14:30:13.216000080
1668609013.299,SCAI-SENSEI,sensei-188,Sensomative_3001,9,0,0,0,5,0,0,6,0,0,0,0,92,Sensomative_3755,0,0,2,0,0,0,0,0,0,0,0,0,118,112,2022-11-16 14:30:13.299000025
1668609013.415,SCAI-SENSEI,sensei-188,Sensomative_3001,9,0,0,0,5,0,0,6,0,0,0,0,93,Sensomative_3755,0,0,2,0,0,0,0,0,0,0,0,0,119,113,2022-11-16 14:30:13.414999962
1668609013.497,SCAI-SENSEI,sensei-188,Sensomative_3001,9,0,0,0,5,0,0,6,0,0,0,0,94,Sensomative_3755,0,0,2,0,0,0,0,0,0,0,0,0,120,114,2022-11-16 14:30:13.496999979
1668609013.614,SCAI-SENSEI,sensei-188,Sensomative_3001,10,0,0,0,5,0,0,6,0,0,0,0,95,Sensomative_3755,0,0,2,0,0,0,0,0,0,0,0,0,121,116,2022-11-16 14:30:13.614000082
1668609013.692,SCAI-SENSEI,sensei-188,Sensomative_3001,10,0,0,0,5,0,0,6,0,0,0,0,96,Sensomative_3755,0,0,2,0,0,0,0,0,0,0,0,0,122,117,2022-11-16 14:30:13.691999912
1668609013.811,SCAI-SENSEI,sensei-188,Sensomative_3001,10,0,0,0,5,0,0,6,0,0,0,0,97,Sensomative_3755,0,0,2,0,0,0,0,0,0,0,0,0,123,118,2022-11-16 14:30:13.811000109
1668609013.892,SCAI-SENSEI,sensei-188,Sensomative_3001,10,0,0,0,5,0,0,6,0,0,0,0,98,Sensomative_3755,0,0,2,0,0,0,0,0,0,0,0,0,123,119,2022-11-16 14:30:13.891999960
1668609014.027,SCAI-SENSEI,sensei-188,Sensomative_3001,10,0,0,0,5,0,0,6,0,0,0,0,99,Sensomative_3755,0,0,2,0,0,0,0,0,0,0,0,0,125,120,2022-11-16 14:30:14.026999950
1668609014.094,SCAI-SENSEI,sensei-188,Sensomative_3001,10,0,0,0,5,0,0,6,0,0,0,0,100,Sensomative_3755,0,0,2,0,0,0,0,0,0,0,0,0,125,121,2022-11-16 14:30:14.094000101
1668609014.227,SCAI-SENSEI,sensei-188,Sensomative_3001,10,0,0,0,5,0,0,6,0,0,0,0,101,Sensomative_3755,0,0,2,0,0,0,0,0,0,0,0,0,127,122,2022-11-16 14:30:14.226999998
1668609014.342,SCAI-SENSEI,sensei-188,Sensomative_3001,10,0,0,0,5,0,0,6,0,0,0,0,102,Sensomative_3755,0,0,2,0,0,0,0,0,0,0,0,0,128,123,2022-11-16 14:30:14.342000008
1668609014.426,SCAI-SENSEI,sensei-188,Sensomative_3001,10,0,0,0,5,0,0,6,0,0,0,0,103,Sensomative_3755,0,0,2,0,0,0,0,0,0,0,0,0,129,124,2022-11-16 14:30:14.426000118
1668609014.542,SCAI-SENSEI,sensei-188,Sensomative_3001,10,0,0,0,5,0,0,6,0,0,0,0,104,Sensomative_3755,0,0,2,0,0,0,0,0,0,0,0,0,130,125,2022-11-16 14:30:14.542000055
1668609014.624,SCAI-SENSEI,sensei-188,Sensomative_3001,10,0,0,0,5,0,0,6,0,0,0,0,105,Sensomative_3755,0,0,2,0,0,0,0,0,0,0,0,0,131,126,2022-11-16 14:30:14.624000072
1668609014.74,SCAI-SENSEI,sensei-188,Sensomative_3001,10,0,0,0,5,0,0,6,0,0,0,0,106,Sensomative_3755,0,0,2,0,0,0,0,0,0,0,0,0,132,127,2022-11-16 14:30:14.740000010
1668609014.822,SCAI-SENSEI,sensei-188,Sensomative_3001,10,0,0,0,5,0,0,6,0,0,0,0,107,Sensomative_3755,0,0,2,0,0,0,0,0,0,0,0,0,133,128,2022-11-16 14:30:14.822000027
1668609014.938,SCAI-SENSEI,sensei-188,Sensomative_3001,10,0,0,0,5,0,0,6,0,0,0,0,108,Sensomative_3755,0,0,2,0,0,0,0,0,0,0,0,0,134,129,2022-11-16 14:30:14.937999964
1668609015.023,SCAI-SENSEI,sensei-188,Sensomative_3001,10,0,0,0,5,0,0,6,0,0,0,0,109,Sensomative_3755,0,0,2,0,0,0,0,0,0,0,0,0,135,130,2022-11-16 14:30:15.023000002
1668609015.138,SCAI-SENSEI,sensei-188,Sensomative_3001,10,0,0,0,5,0,0,6,0,0,0,0,110,Sensomative_3755,0,0,2,0,0,0,0,0,0,0,0,0,136,131,2022-11-16 14:30:15.138000011
1668609015.22,SCAI-SENSEI,sensei-188,Sensomative_3001,10,0,0,0,5,0,0,6,0,0,0,0,111,Sensomative_3755,0,0,2,0,0,0,0,0,0,0,0,0,137,132,2022-11-16 14:30:15.220000029
1668609015.336,SCAI-SENSEI,sensei-188,Sensomative_3001,10,0,0,0,5,0,0,6,0,0,0,0,112,Sensomative_3755,0,0,2,0,0,0,0,0,0,0,0,0,138,133,2022-11-16 14:30:15.335999966
1668609015.419,SCAI-SENSEI,sensei-188,Sensomative_3001,10,0,0,0,5,0,0,6,0,0,0,0,113,Sensomative_3755,0,0,2,0,0,0,0,0,0,0,0,0,139,134,2022-11-16 14:30:15.418999910
1668609015.535,SCAI-SENSEI,sensei-188,Sensomative_3001,10,0,0,0,5,0,0,6,0,0,0,0,114,Sensomative_3755,0,0,2,0,0,0,0,0,0,0,0,0,140,135,2022-11-16 14:30:15.535000086
1668609015.618,SCAI-SENSEI,sensei-188,Sensomative_3001,10,0,0,0,5,0,0,6,0,0,0,0,115,Sensomative_3755,0,0,2,0,0,0,0,0,0,0,0,0,141,136,2022-11-16 14:30:15.618000031
1668609015.735,SCAI-SENSEI,sensei-188,Sensomative_3001,10,0,0,0,5,0,0,6,0,0,0,0,116,Sensomative_3755,0,0,2,0,0,0,0,0,0,0,0,0,142,137,2022-11-16 14:30:15.734999895
1668609015.817,SCAI-SENSEI,sensei-188,Sensomative_3001,10,0,0,0,5,0,0,6,0,0,0,0,117,Sensomative_3755,0,0,2,0,0,0,0,0,0,0,0,0,143,138,2022-11-16 14:30:15.816999912
1668609015.931,SCAI-SENSEI,sensei-188,Sensomative_3001,10,0,0,0,5,0,0,6,0,0,0,0,118,Sensomative_3755,0,0,2,0,0,0,0,0,0,0,0,0,144,139,2022-11-16 14:30:15.930999994
1668609016.015,SCAI-SENSEI,sensei-188,Sensomative_3001,10,0,0,0,5,0,0,6,0,0,0,0,119,Sensomative_3755,0,0,2,0,0,0,0,0,0,0,0,0,145,140,2022-11-16 14:30:16.015000105
1668609016.148,SCAI-SENSEI,sensei-188,Sensomative_3001,10,0,0,0,5,0,0,6,0,0,0,0,120,Sensomative_3755,0,0,2,0,0,0,0,0,0,0,0,0,146,141,2022-11-16 14:30:16.148000002
1668609016.214,SCAI-SENSEI,sensei-188,Sensomative_3001,10,0,0,0,5,0,0,6,0,0,0,0,121,Sensomative_3755,0,0,2,0,0,0,0,0,0,0,0,0,147,142,2022-11-16 14:30:16.213999987
1668609016.331,SCAI-SENSEI,sensei-188,Sensomative_3001,10,0,0,0,5,0,0,6,0,0,0,0,122,Sensomative_3755,0,0,2,0,0,0,0,0,0,0,0,0,148,143,2022-11-16 14:30:16.331000090
1668609016.414,SCAI-SENSEI,sensei-188,Sensomative_3001,10,0,0,0,5,0,0,6,0,0,0,0,123,Sensomative_3755,0,0,2,0,0,0,0,0,0,0,0,0,149,144,2022-11-16 14:30:16.414000034
1668609016.546,SCAI-SENSEI,sensei-188,Sensomative_3001,10,0,0,0,5,0,0,6,0,0,0,0,124,Sensomative_3755,0,0,2,0,0,0,0,0,0,0,0,0,150,145,2022-11-16 14:30:16.546000004
1668609016.612,SCAI-SENSEI,sensei-188,Sensomative_3001,10,0,0,0,5,0,0,6,0,0,0,0,125,Sensomative_3755,0,0,2,0,0,0,0,0,0,0,0,0,151,146,2022-11-16 14:30:16.611999989
1668609016.744,SCAI-SENSEI,sensei-188,Sensomative_3001,10,0,0,0,5,0,0,6,0,0,0,0,126,Sensomative_3755,0,0,2,0,0,0,0,0,0,0,0,0,152,147,2022-11-16 14:30:16.743999958
1668609016.827,SCAI-SENSEI,sensei-188,Sensomative_3001,10,0,0,0,5,0,0,6,0,0,0,0,127,Sensomative_3755,0,0,2,0,0,0,0,0,0,0,0,0,153,148,2022-11-16 14:30:16.826999903
1668609016.943,SCAI-SENSEI,sensei-188,Sensomative_3001,10,0,0,0,5,0,0,6,0,0,0,0,128,Sensomative_3755,0,0,2,0,0,0,0,0,0,0,0,0,154,149,2022-11-16 14:30:16.943000078
1668609017.026,SCAI-SENSEI,sensei-188,Sensomative_3001,10,0,0,0,5,0,0,6,0,0,0,0,129,Sensomative_3755,0,0,2,0,0,0,0,0,0,0,0,0,154,150,2022-11-16 14:30:17.026000023
1668609017.142,SCAI-SENSEI,sensei-188,Sensomative_3001,10,0,0,0,5,0,0,6,0,0,0,0,130,Sensomative_3755,0,0,2,0,0,0,0,0,0,0,0,0,156,151,2022-11-16 14:30:17.141999960
1668609017.226,SCAI-SENSEI,sensei-188,Sensomative_3001,10,0,0,0,5,0,0,6,0,0,0,0,131,Sensomative_3755,0,0,2,0,0,0,0,0,0,0,0,0,156,152,2022-11-16 14:30:17.226000071
1668609017.34,SCAI-SENSEI,sensei-188,Sensomative_3001,10,0,0,0,5,0,0,6,0,0,0,0,132,Sensomative_3755,0,0,2,0,0,0,0,0,0,0,0,0,158,153,2022-11-16 14:30:17.339999914
1668609017.457,SCAI-SENSEI,sensei-188,Sensomative_3001,10,0,0,0,5,0,0,6,0,0,0,0,133,Sensomative_3755,0,0,2,0,0,0,0,0,0,0,0,0,159,154,2022-11-16 14:30:17.457000017
1668609017.539,SCAI-SENSEI,sensei-188,Sensomative_3001,10,0,0,0,5,0,0,6,0,0,0,0,134,Sensomative_3755,0,0,2,0,0,0,0,0,0,0,0,0,160,155,2022-11-16 14:30:17.539000034
1668609017.656,SCAI-SENSEI,sensei-188,Sensomative_3001,10,0,0,0,5,0,0,6,0,0,0,0,135,Sensomative_3755,0,0,2,0,0,0,0,0,0,0,0,0,161,156,2022-11-16 14:30:17.655999899
1668609017.738,SCAI-SENSEI,sensei-188,Sensomative_3001,10,0,0,0,5,0,0,6,0,0,0,0,136,Sensomative_3755,0,0,2,0,0,0,0,0,0,0,0,0,162,157,2022-11-16 14:30:17.737999916
1668609017.855,SCAI-SENSEI,sensei-188,Sensomative_3001,10,0,0,0,5,0,0,6,0,0,0,0,137,Sensomative_3755,0,0,2,0,0,0,0,0,0,0,0,0,163,158,2022-11-16 14:30:17.855000019
1668609017.937,SCAI-SENSEI,sensei-188,Sensomative_3001,10,0,0,0,5,0,0,6,0,0,0,0,138,Sensomative_3755,0,0,2,0,0,0,0,0,0,0,0,0,164,159,2022-11-16 14:30:17.937000036
1668609018.053,SCAI-SENSEI,sensei-188,Sensomative_3001,10,0,0,0,5,0,0,6,0,0,0,0,139,Sensomative_3755,0,0,2,0,0,0,0,0,0,0,0,0,165,160,2022-11-16 14:30:18.052999973
1668609018.136,SCAI-SENSEI,sensei-188,Sensomative_3001,10,0,0,0,5,0,0,6,0,0,0,0,140,Sensomative_3755,0,0,2,0,0,0,0,0,0,0,0,0,166,161,2022-11-16 14:30:18.135999918
1668609018.252,SCAI-SENSEI,sensei-188,Sensomative_3001,10,0,0,0,5,0,0,6,0,0,0,0,141,Sensomative_3755,0,0,2,0,0,0,0,0,0,0,0,0,167,162,2022-11-16 14:30:18.252000092
1668609018.335,SCAI-SENSEI,sensei-188,Sensomative_3001,10,0,0,0,5,0,0,6,0,0,0,0,142,Sensomative_3755,0,0,2,0,0,0,0,0,0,0,0,0,168,163,2022-11-16 14:30:18.335000038
1668609018.451,SCAI-SENSEI,sensei-188,Sensomative_3001,10,0,0,0,5,0,0,6,0,0,0,0,143,Sensomative_3755,0,0,2,0,0,0,0,0,0,0,0,0,169,164,2022-11-16 14:30:18.450999975
1668609018.534,SCAI-SENSEI,sensei-188,Sensomative_3001,10,0,0,0,5,0,0,5,0,0,0,0,144,Sensomative_3755,0,0,2,0,0,0,0,0,0,0,0,0,170,164,2022-11-16 14:30:18.533999919
1668609018.665,SCAI-SENSEI,sensei-188,Sensomative_3001,10,0,0,0,5,0,0,6,0,0,0,0,145,Sensomative_3755,0,0,2,0,0,0,0,0,0,0,0,0,171,166,2022-11-16 14:30:18.664999962
1668609018.733,SCAI-SENSEI,sensei-188,Sensomative_3001,10,0,0,0,5,0,0,6,0,0,0,0,146,Sensomative_3755,0,0,2,0,0,0,0,0,0,0,0,0,172,167,2022-11-16 14:30:18.733000040
1668609018.863,SCAI-SENSEI,sensei-188,Sensomative_3001,10,0,0,0,5,0,0,6,0,0,0,0,147,Sensomative_3755,0,0,2,0,0,0,0,0,0,0,0,0,173,168,2022-11-16 14:30:18.862999916
1668609018.947,SCAI-SENSEI,sensei-188,Sensomative_3001,10,0,0,0,5,0,0,6,0,0,0,0,148,Sensomative_3755,0,0,2,0,0,0,0,0,0,0,0,0,174,169,2022-11-16 14:30:18.947000027
1668609019.06,SCAI-SENSEI,sensei-188,Sensomative_3001,10,0,0,0,5,0,0,6,0,0,0,0,149,Sensomative_3755,0,0,2,0,0,0,0,0,0,0,0,0,175,170,2022-11-16 14:30:19.059999943
1668609019.146,SCAI-SENSEI,sensei-188,Sensomative_3001,10,0,0,0,5,0,0,5,0,0,0,0,150,Sensomative_3755,0,0,2,0,0,0,0,0,0,0,0,0,176,170,2022-11-16 14:30:19.145999908
1668609019.262,SCAI-SENSEI,sensei-188,Sensomative_3001,10,0,0,0,5,0,0,6,0,0,0,0,151,Sensomative_3755,0,0,2,0,0,0,0,0,0,0,0,0,177,172,2022-11-16 14:30:19.262000084
1668609019.345,SCAI-SENSEI,sensei-188,Sensomative_3001,10,0,0,0,5,0,0,6,0,0,0,0,152,Sensomative_3755,0,0,2,0,0,0,0,0,0,0,0,0,178,173,2022-11-16 14:30:19.345000029
1668609019.46,SCAI-SENSEI,sensei-188,Sensomative_3001,10,0,0,0,5,0,0,6,0,0,0,0,153,Sensomative_3755,0,0,2,0,0,0,0,0,0,0,0,0,179,174,2022-11-16 14:30:19.460000038
1668609019.543,SCAI-SENSEI,sensei-188,Sensomative_3001,50,0,0,0,4,0,0,1,0,0,0,36,154,Sensomative_3755,0,0,2,0,0,0,0,0,0,0,0,0,180,245,2022-11-16 14:30:19.542999983
1668609019.659,SCAI-SENSEI,sensei-188,Sensomative_3001,116,0,0,0,0,0,0,0,0,0,0,141,155,Sensomative_3755,0,0,2,0,0,0,0,0,0,0,0,0,181,412,2022-11-16 14:30:19.658999920
1668609019.751,SCAI-SENSEI,sensei-188,Sensomative_3001,121,0,88,0,26,15,7,0,0,45,28,191,156,Sensomative_3755,0,0,1,0,0,0,0,0,0,0,0,0,182,677,2022-11-16 14:30:19.750999928
1668609019.858,SCAI-SENSEI,sensei-188,Sensomative_3001,92,0,68,0,41,24,1,2,10,27,18,132,157,Sensomative_3755,0,0,1,0,0,0,0,0,0,0,0,0,183,572,2022-11-16 14:30:19.858000040
1668609019.941,SCAI-SENSEI,sensei-188,Sensomative_3001,73,0,51,0,51,26,1,11,1,14,10,104,158,Sensomative_3755,0,0,1,0,0,0,0,0,0,0,0,0,184,500,2022-11-16 14:30:19.940999985
1668609020.058,SCAI-SENSEI,sensei-188,Sensomative_3001,59,0,65,0,114,69,26,48,9,20,5,86,159,Sensomative_3755,0,0,1,0,0,0,0,0,0,0,0,0,185,660,2022-11-16 14:30:20.058000088
1668609020.142,SCAI-SENSEI,sensei-188,Sensomative_3001,36,0,66,0,148,104,60,100,37,34,16,70,160,Sensomative_3755,0,0,2,0,0,0,0,0,0,0,0,0,186,831,2022-11-16 14:30:20.141999960
1668609020.258,SCAI-SENSEI,sensei-188,Sensomative_3001,21,0,59,0,165,124,92,129,55,38,24,63,161,Sensomative_3755,0,0,2,0,0,0,0,0,0,0,0,0,187,931,2022-11-16 14:30:20.257999896
1668609020.339,SCAI-SENSEI,sensei-188,Sensomative_3001,14,0,52,0,175,134,113,147,62,40,29,61,162,Sensomative_3755,0,0,2,0,0,0,0,0,0,0,0,0,187,989,2022-11-16 14:30:20.338999987
1668609020.455,SCAI-SENSEI,sensei-188,Sensomative_3001,9,0,52,2,182,139,123,154,65,42,30,60,163,Sensomative_3755,0,0,2,0,0,0,0,0,0,0,0,0,188,1021,2022-11-16 14:30:20.454999924
1668609020.587,SCAI-SENSEI,sensei-188,Sensomative_3001,7,0,53,5,187,144,126,157,67,42,31,56,164,Sensomative_3755,0,0,2,0,0,0,1,3,0,0,0,0,190,1039,2022-11-16 14:30:20.586999893
1668609020.654,SCAI-SENSEI,sensei-188,Sensomative_3001,6,0,52,6,190,147,124,155,68,42,30,51,165,Sensomative_3755,0,0,3,0,0,0,1,6,0,0,0,0,191,1036,2022-11-16 14:30:20.654000044
1668609020.786,SCAI-SENSEI,sensei-188,Sensomative_3001,5,0,54,8,190,147,122,157,69,41,30,43,166,Sensomative_3755,0,0,1,0,0,0,1,2,0,0,0,0,192,1032,2022-11-16 14:30:20.786000013
1668609020.853,SCAI-SENSEI,sensei-188,Sensomative_3001,9,0,57,9,179,143,128,162,70,41,29,41,167,Sensomative_3755,0,0,2,0,0,0,0,0,0,0,0,0,193,1035,2022-11-16 14:30:20.852999926
1668609020.985,SCAI-SENSEI,sensei-188,Sensomative_3001,20,0,62,8,154,133,125,160,68,43,30,47,168,Sensomative_3755,0,0,2,0,0,0,0,0,0,0,0,0,194,1018,2022-11-16 14:30:20.984999895
1668609021.067,SCAI-SENSEI,sensei-188,Sensomative_3001,40,0,68,8,148,126,120,156,69,45,30,53,169,Sensomative_3755,0,0,2,0,0,0,0,0,0,0,0,0,195,1032,2022-11-16 14:30:21.066999911
1668609021.184,SCAI-SENSEI,sensei-188,Sensomative_3001,47,0,69,11,145,121,117,151,71,47,29,56,170,Sensomative_3755,0,0,2,0,0,0,0,0,0,0,0,0,196,1034,2022-11-16 14:30:21.184000015
1668609021.267,SCAI-SENSEI,sensei-188,Sensomative_3001,46,0,70,12,150,124,120,150,72,47,29,58,171,Sensomative_3755,0,0,2,0,0,0,0,0,0,0,0,0,197,1049,2022-11-16 14:30:21.266999959
1668609021.382,SCAI-SENSEI,sensei-188,Sensomative_3001,45,0,71,12,151,126,122,151,72,48,30,60,172,Sensomative_3755,0,0,2,0,0,0,0,0,0,0,0,0,198,1060,2022-11-16 14:30:21.381999969
1668609021.466,SCAI-SENSEI,sensei-188,Sensomative_3001,45,0,71,12,154,128,126,152,72,48,30,62,173,Sensomative_3755,0,0,2,0,0,0,0,0,0,0,0,0,199,1073,2022-11-16 14:30:21.466000080
1668609021.581,SCAI-SENSEI,sensei-188,Sensomative_3001,45,0,72,12,156,129,124,151,73,49,31,64,174,Sensomative_3755,0,0,2,0,0,0,0,0,0,0,0,0,200,1080,2022-11-16 14:30:21.581000090
1668609021.663,SCAI-SENSEI,sensei-188,Sensomative_3001,48,0,73,12,155,129,118,150,72,49,31,65,175,Sensomative_3755,0,0,2,0,0,0,0,0,0,0,0,0,201,1077,2022-11-16 14:30:21.663000107
1668609021.78,SCAI-SENSEI,sensei-188,Sensomative_3001,49,0,73,11,155,129,114,147,73,49,31,65,176,Sensomative_3755,0,0,2,0,0,0,0,0,0,0,0,0,202,1072,2022-11-16 14:30:21.779999971
1668609021.862,SCAI-SENSEI,sensei-188,Sensomative_3001,51,0,74,12,156,129,114,147,72,49,31,66,177,Sensomative_3755,0,0,2,0,0,0,0,0,0,0,0,0,203,1078,2022-11-16 14:30:21.861999989
1668609021.979,SCAI-SENSEI,sensei-188,Sensomative_3001,50,0,74,12,156,130,115,148,73,49,30,66,178,Sensomative_3755,0,0,2,0,0,0,0,0,0,0,0,0,204,1081,2022-11-16 14:30:21.979000092
1668609022.061,SCAI-SENSEI,sensei-188,Sensomative_3001,50,0,74,12,157,130,117,150,72,49,30,66,179,Sensomative_3755,0,0,2,0,0,0,0,0,0,0,0,0,205,1086,2022-11-16 14:30:22.061000109
1668609022.178,SCAI-SENSEI,sensei-188,Sensomative_3001,50,0,74,12,158,131,119,151,73,49,30,66,180,Sensomative_3755,0,0,2,0,0,0,0,0,0,0,0,0,206,1093,2022-11-16 14:30:22.177999973
1668609022.26,SCAI-SENSEI,sensei-188,Sensomative_3001,50,0,74,12,158,130,120,151,72,49,30,66,181,Sensomative_3755,0,0,2,0,0,0,0,0,0,0,0,0,207,1093,2022-11-16 14:30:22.259999990
1668609022.376,SCAI-SENSEI,sensei-188,Sensomative_3001,50,0,74,12,160,131,119,151,72,49,30,66,182,Sensomative_3755,0,0,2,0,0,0,0,0,0,0,0,0,208,1096,2022-11-16 14:30:22.375999928
1668609022.459,SCAI-SENSEI,sensei-188,Sensomative_3001,50,0,74,12,160,131,120,151,72,48,30,66,183,Sensomative_3755,0,0,2,0,0,0,0,0,0,0,0,0,209,1097,2022-11-16 14:30:22.459000111
1668609022.575,SCAI-SENSEI,sensei-188,Sensomative_3001,50,0,75,12,160,131,120,151,73,49,30,66,184,Sensomative_3755,0,0,2,0,0,0,0,0,0,0,0,0,210,1101,2022-11-16 14:30:22.575000048
1668609022.658,SCAI-SENSEI,sensei-188,Sensomative_3001,51,0,75,12,154,131,116,151,72,50,30,67,185,Sensomative_3755,0,0,2,0,0,0,0,0,0,0,0,0,211,1094,2022-11-16 14:30:22.657999992
1668609022.774,SCAI-SENSEI,sensei-188,Sensomative_3001,48,0,76,12,153,130,105,148,71,52,31,67,186,Sensomative_3755,0,0,2,0,0,0,0,0,0,0,0,0,212,1079,2022-11-16 14:30:22.773999929
1668609022.857,SCAI-SENSEI,sensei-188,Sensomative_3001,42,0,75,11,156,129,95,146,69,52,32,74,187,Sensomative_3755,0,0,2,0,0,0,0,0,0,0,0,0,213,1068,2022-11-16 14:30:22.857000113
1668609022.972,SCAI-SENSEI,sensei-188,Sensomative_3001,44,0,74,11,160,129,94,148,68,52,32,75,188,Sensomative_3755,0,0,2,0,0,0,0,0,0,0,0,0,214,1075,2022-11-16 14:30:22.971999884
1668609023.055,SCAI-SENSEI,sensei-188,Sensomative_3001,50,0,74,11,166,129,89,146,69,52,30,73,189,Sensomative_3755,0,0,2,0,0,0,0,0,0,0,0,0,215,1078,2022-11-16 14:30:23.055000067
1668609023.172,SCAI-SENSEI,sensei-188,Sensomative_3001,57,0,75,11,170,129,88,141,70,51,29,73,190,Sensomative_3755,0,0,2,0,0,0,0,0,0,0,0,0,216,1084,2022-11-16 14:30:23.171999931
1668609023.254,SCAI-SENSEI,sensei-188,Sensomative_3001,64,0,77,11,158,128,93,141,71,52,30,69,191,Sensomative_3755,0,0,2,0,0,0,0,0,0,0,0,0,216,1085,2022-11-16 14:30:23.253999949
1668609023.387,SCAI-SENSEI,sensei-188,Sensomative_3001,63,0,78,12,145,126,94,140,69,49,28,61,192,Sensomative_3755,0,0,1,0,0,0,0,0,0,0,0,0,218,1057,2022-11-16 14:30:23.387000084
1668609023.455,SCAI-SENSEI,sensei-188,Sensomative_3001,58,0,80,14,158,130,100,144,72,50,29,63,193,Sensomative_3755,0,0,1,0,0,0,0,0,0,0,0,0,219,1091,2022-11-16 14:30:23.454999924
1668609023.585,SCAI-SENSEI,sensei-188,Sensomative_3001,52,0,82,14,156,130,99,143,72,48,29,64,194,Sensomative_3755,0,0,1,0,0,0,0,0,0,0,0,0,220,1083,2022-11-16 14:30:23.585000038
1668609023.7,SCAI-SENSEI,sensei-188,Sensomative_3001,48,0,85,15,162,132,102,142,70,46,28,61,195,Sensomative_3755,0,0,1,0,0,0,0,0,0,0,0,0,221,1086,2022-11-16 14:30:23.700000048
1668609023.784,SCAI-SENSEI,sensei-188,Sensomative_3001,40,0,83,14,159,132,109,145,71,44,26,57,196,Sensomative_3755,0,0,1,0,0,0,0,0,0,0,0,0,222,1076,2022-11-16 14:30:23.783999920
1668609023.899,SCAI-SENSEI,sensei-188,Sensomative_3001,40,0,85,14,135,127,110,145,68,46,24,58,197,Sensomative_3755,0,0,2,0,0,0,0,0,0,0,0,0,223,1049,2022-11-16 14:30:23.898999929
1668609023.983,SCAI-SENSEI,sensei-188,Sensomative_3001,50,0,88,14,100,100,65,104,62,54,32,90,198,Sensomative_3755,0,0,2,0,0,0,0,0,0,0,0,0,224,957,2022-11-16 14:30:23.983000040
1668609024.098,SCAI-SENSEI,sensei-188,Sensomative_3001,60,1,91,12,66,65,26,57,53,59,39,116,199,Sensomative_3755,0,0,1,0,0,0,0,0,0,0,0,0,225,844,2022-11-16 14:30:24.098000050
1668609024.182,SCAI-SENSEI,sensei-188,Sensomative_3001,74,5,90,13,32,28,8,25,35,57,41,137,200,Sensomative_3755,0,0,1,0,0,0,0,0,0,0,0,0,226,745,2022-11-16 14:30:24.181999922
1668609024.297,SCAI-SENSEI,sensei-188,Sensomative_3001,90,4,48,10,22,18,3,14,12,22,37,159,201,Sensomative_3755,0,0,2,0,0,0,0,0,0,0,0,0,227,640,2022-11-16 14:30:24.296999931
1668609024.38,SCAI-SENSEI,sensei-188,Sensomative_3001,74,2,15,9,20,10,2,12,14,8,19,93,202,Sensomative_3755,0,0,1,0,0,0,0,0,0,0,0,0,228,480,2022-11-16 14:30:24.380000114
1668609024.495,SCAI-SENSEI,sensei-188,Sensomative_3001,45,2,14,7,18,5,0,12,10,7,10,42,203,Sensomative_3755,0,0,1,0,0,0,0,0,0,0,0,0,229,375,2022-11-16 14:30:24.494999886
1668609024.578,SCAI-SENSEI,sensei-188,Sensomative_3001,24,2,8,5,16,0,0,10,5,4,5,13,204,Sensomative_3755,0,0,1,0,0,0,0,0,0,0,0,0,230,296,2022-11-16 14:30:24.578000069
1668609024.695,SCAI-SENSEI,sensei-188,Sensomative_3001,14,1,2,3,12,0,0,7,3,1,3,2,205,Sensomative_3755,0,0,1,0,0,0,0,0,0,0,0,0,231,253,2022-11-16 14:30:24.694999933
1668609024.777,SCAI-SENSEI,sensei-188,Sensomative_3001,11,0,1,1,11,0,0,7,2,0,0,0,206,Sensomative_3755,0,0,1,0,0,0,0,0,0,0,0,0,232,239,2022-11-16 14:30:24.776999950
1668609024.895,SCAI-SENSEI,sensei-188,Sensomative_3001,8,0,0,1,9,0,0,6,0,0,0,0,207,Sensomative_3755,0,0,2,0,0,0,0,0,0,0,0,0,233,231,2022-11-16 14:30:24.894999981
1668609024.976,SCAI-SENSEI,sensei-188,Sensomative_3001,8,0,0,1,8,0,0,6,0,0,0,0,208,Sensomative_3755,0,0,2,0,0,0,0,0,0,0,0,0,234,231,2022-11-16 14:30:24.976000071
1668609025.093,SCAI-SENSEI,sensei-188,Sensomative_3001,9,0,0,0,7,0,0,5,0,0,0,0,209,Sensomative_3755,0,0,2,0,0,0,0,0,0,0,0,0,235,230,2022-11-16 14:30:25.092999935
1668609025.175,SCAI-SENSEI,sensei-188,Sensomative_3001,9,0,0,0,7,0,0,5,0,0,0,0,210,Sensomative_3755,0,0,2,0,0,0,0,0,0,0,0,0,236,231,2022-11-16 14:30:25.174999952
1668609025.307,SCAI-SENSEI,sensei-188,Sensomative_3001,9,0,0,0,7,0,0,5,0,0,0,0,211,Sensomative_3755,0,0,2,0,0,0,0,0,0,0,0,0,237,232,2022-11-16 14:30:25.306999922
1668609025.374,SCAI-SENSEI,sensei-188,Sensomative_3001,9,0,0,0,7,0,0,4,0,0,0,0,212,Sensomative_3755,0,0,2,0,0,0,0,0,0,0,0,0,238,232,2022-11-16 14:30:25.374000072
1668609025.506,SCAI-SENSEI,sensei-188,Sensomative_3001,8,0,0,0,7,0,0,4,0,0,0,0,213,Sensomative_3755,0,0,2,0,0,0,0,0,0,0,0,0,239,232,2022-11-16 14:30:25.506000042
1668609025.573,SCAI-SENSEI,sensei-188,Sensomative_3001,8,0,0,0,7,0,0,4,0,0,0,0,214,Sensomative_3755,0,0,2,0,0,0,0,0,0,0,0,0,240,233,2022-11-16 14:30:25.572999954
1668609025.706,SCAI-SENSEI,sensei-188,Sensomative_3001,8,0,0,0,7,0,0,4,0,0,0,0,215,Sensomative_3755,0,0,2,0,0,0,0,0,0,0,0,0,241,234,2022-11-16 14:30:25.706000090
1668609025.787,SCAI-SENSEI,sensei-188,Sensomative_3001,8,0,0,0,7,0,0,4,0,0,0,0,216,Sensomative_3755,0,0,2,0,0,0,0,0,0,0,0,0,242,235,2022-11-16 14:30:25.786999941
1668609025.904,SCAI-SENSEI,sensei-188,Sensomative_3001,9,0,0,0,7,0,0,3,0,0,0,0,217,Sensomative_3755,0,0,2,0,0,0,0,0,0,0,0,0,243,236,2022-11-16 14:30:25.904000044
1668609025.987,SCAI-SENSEI,sensei-188,Sensomative_3001,8,0,0,0,6,0,0,3,0,0,0,0,218,Sensomative_3755,0,0,2,0,0,0,0,0,0,0,0,0,244,235,2022-11-16 14:30:25.986999989
1668609026.103,SCAI-SENSEI,sensei-188,Sensomative_3001,8,0,0,0,6,0,0,3,0,0,0,0,219,Sensomative_3755,0,0,2,0,0,0,0,0,0,0,0,0,245,236,2022-11-16 14:30:26.102999926
1668609026.186,SCAI-SENSEI,sensei-188,Sensomative_3001,8,0,0,0,7,0,0,3,0,0,0,0,220,Sensomative_3755,0,0,2,0,0,0,0,0,0,0,0,0,246,238,2022-11-16 14:30:26.186000109
1668609026.302,SCAI-SENSEI,sensei-188,Sensomative_3001,8,0,0,0,7,0,0,4,0,0,0,0,221,Sensomative_3755,0,0,2,0,0,0,0,0,0,0,0,0,247,240,2022-11-16 14:30:26.302000046
1668609026.385,SCAI-SENSEI,sensei-188,Sensomative_3001,8,0,0,0,7,0,0,3,0,0,0,0,222,Sensomative_3755,0,0,2,0,0,0,0,0,0,0,0,0,247,240,2022-11-16 14:30:26.384999990
1668609026.5,SCAI-SENSEI,sensei-188,Sensomative_3001,8,0,0,0,7,0,0,4,0,0,0,0,223,Sensomative_3755,0,0,2,0,0,0,0,0,0,0,0,0,249,242,2022-11-16 14:30:26.500000000
1668609026.582,SCAI-SENSEI,sensei-188,Sensomative_3001,8,0,0,0,7,0,0,3,0,0,0,0,224,Sensomative_3755,0,0,2,0,0,0,0,0,0,0,0,0,249,242,2022-11-16 14:30:26.582000017
1668609026.699,SCAI-SENSEI,sensei-188,Sensomative_3001,8,0,0,0,7,0,0,3,0,0,0,0,225,Sensomative_3755,0,0,2,0,0,0,0,0,0,0,0,0,251,243,2022-11-16 14:30:26.698999882
1668609026.815,SCAI-SENSEI,sensei-188,Sensomative_3001,8,0,0,0,7,0,0,3,0,0,0,0,226,Sensomative_3755,0,0,2,0,0,0,0,0,0,0,0,0,252,244,2022-11-16 14:30:26.815000057
1668609026.898,SCAI-SENSEI,sensei-188,Sensomative_3001,8,0,0,0,7,0,0,3,0,0,0,0,227,Sensomative_3755,0,0,2,0,0,0,0,0,0,0,0,0,253,245,2022-11-16 14:30:26.898000002
1668609027.014,SCAI-SENSEI,sensei-188,Sensomative_3001,8,0,0,0,7,0,0,3,0,0,0,0,228,Sensomative_3755,0,0,2,0,0,0,0,0,0,0,0,0,254,246,2022-11-16 14:30:27.013999939
1668609027.098,SCAI-SENSEI,sensei-188,Sensomative_3001,8,0,0,0,7,0,0,3,0,0,0,0,229,Sensomative_3755,0,0,2,0,0,0,0,0,0,0,0,0,255,247,2022-11-16 14:30:27.098000050
1668609027.213,SCAI-SENSEI,sensei-188,Sensomative_3001,8,0,0,0,7,0,0,3,0,0,0,0,230,Sensomative_3755,0,0,2,0,0,0,0,0,0,0,0,0,0,248,2022-11-16 14:30:27.213000059
1668609027.296,SCAI-SENSEI,sensei-188,Sensomative_3001,8,0,0,0,7,0,0,3,0,0,0,0,231,Sensomative_3755,0,0,2,0,0,0,0,0,0,0,0,0,1,249,2022-11-16 14:30:27.296000004
1668609027.412,SCAI-SENSEI,sensei-188,Sensomative_3001,8,0,0,0,7,0,0,4,0,0,0,0,232,Sensomative_3755,0,0,2,0,0,0,0,0,0,0,0,0,2,251,2022-11-16 14:30:27.411999941
1668609027.493,SCAI-SENSEI,sensei-188,Sensomative_3001,8,0,0,0,7,0,0,3,0,0,0,0,233,Sensomative_3755,0,0,2,0,0,0,0,0,0,0,0,0,3,251,2022-11-16 14:30:27.493000031
1668609027.626,SCAI-SENSEI,sensei-188,Sensomative_3001,8,0,0,0,6,0,0,3,0,0,0,0,234,Sensomative_3755,0,0,1,0,0,0,0,0,0,0,0,0,4,251,2022-11-16 14:30:27.625999928
1668609027.694,SCAI-SENSEI,sensei-188,Sensomative_3001,8,0,0,0,6,0,0,3,0,0,0,0,235,Sensomative_3755,0,0,1,0,0,0,0,0,0,0,0,0,5,252,2022-11-16 14:30:27.694000006
1668609027.825,SCAI-SENSEI,sensei-188,Sensomative_3001,8,0,0,0,6,0,0,3,0,0,0,0,236,Sensomative_3755,0,0,1,0,0,0,0,0,0,0,0,0,6,253,2022-11-16 14:30:27.825000048
1668609027.892,SCAI-SENSEI,sensei-188,Sensomative_3001,8,0,0,0,6,0,0,3,0,0,0,0,237,Sensomative_3755,0,0,1,0,0,0,0,0,0,0,0,0,7,254,2022-11-16 14:30:27.891999960
1668609028.025,SCAI-SENSEI,sensei-188,Sensomative_3001,8,0,0,0,6,0,0,3,0,0,0,0,238,Sensomative_3755,0,0,1,0,0,0,0,0,0,0,0,0,8,255,2022-11-16 14:30:28.025000095
1668609028.107,SCAI-SENSEI,sensei-188,Sensomative_3001,8,0,0,0,6,0,0,3,0,0,0,0,239,Sensomative_3755,0,0,1,0,0,0,0,0,0,0,0,0,9,256,2022-11-16 14:30:28.107000113
1668609028.223,SCAI-SENSEI,sensei-188,Sensomative_3001,7,0,0,0,6,0,0,3,0,0,0,0,240,Sensomative_3755,0,0,1,0,0,0,0,0,0,0,0,0,10,256,2022-11-16 14:30:28.223000050
1668609028.305,SCAI-SENSEI,sensei-188,Sensomative_3001,8,0,0,0,6,0,0,3,0,0,0,0,241,Sensomative_3755,0,0,1,0,0,0,0,0,0,0,0,0,11,258,2022-11-16 14:30:28.305000067
1668609028.422,SCAI-SENSEI,sensei-188,Sensomative_3001,7,0,0,0,6,0,0,4,0,0,0,0,242,Sensomative_3755,0,0,2,0,0,0,0,0,0,0,0,0,12,259,2022-11-16 14:30:28.421999931
1668609028.505,SCAI-SENSEI,sensei-188,Sensomative_3001,7,0,0,0,7,0,0,4,0,0,0,0,243,Sensomative_3755,0,0,2,0,0,0,0,0,0,0,0,0,13,261,2022-11-16 14:30:28.505000114
1668609028.621,SCAI-SENSEI,sensei-188,Sensomative_3001,7,0,0,0,7,0,0,5,0,0,0,0,244,Sensomative_3755,0,0,2,0,0,0,0,0,0,0,0,0,14,263,2022-11-16 14:30:28.621000051
1668609028.702,SCAI-SENSEI,sensei-188,Sensomative_3001,9,0,0,0,7,0,0,4,0,0,0,0,245,Sensomative_3755,0,0,1,0,0,0,0,0,0,0,0,0,15,265,2022-11-16 14:30:28.701999903
1668609028.819,SCAI-SENSEI,sensei-188,Sensomative_3001,28,0,0,0,5,0,0,2,0,0,0,7,246,Sensomative_3755,0,0,1,0,0,0,0,0,0,0,0,0,16,288,2022-11-16 14:30:28.819000006
1668609028.903,SCAI-SENSEI,sensei-188,Sensomative_3001,48,0,51,0,15,0,0,8,0,26,0,63,247,Sensomative_3755,0,0,1,0,0,0,0,0,0,0,0,0,17,458,2022-11-16 14:30:28.903000116
1668609029.018,SCAI-SENSEI,sensei-188,Sensomative_3001,17,0,63,0,108,98,4,122,0,24,0,11,248,Sensomative_3755,0,0,1,0,0,0,0,0,0,0,0,0,18,695,2022-11-16 14:30:29.017999887
1668609029.101,SCAI-SENSEI,sensei-188,Sensomative_3001,0,0,36,0,86,99,13,107,0,21,0,7,249,Sensomative_3755,0,0,2,0,0,0,0,0,0,0,0,0,19,618,2022-11-16 14:30:29.101000071
1668609029.218,SCAI-SENSEI,sensei-188,Sensomative_3001,0,0,34,0,102,116,17,132,0,21,0,3,250,Sensomative_3755,0,0,9,0,0,0,1,0,0,0,0,5,20,675,2022-11-16 14:30:29.217999935
1668609029.299,SCAI-SENSEI,sensei-188,Sensomative_3001,0,0,37,0,110,125,24,147,0,23,0,0,251,Sensomative_3755,0,0,10,0,0,1,1,7,0,0,0,16,21,717,2022-11-16 14:30:29.299000025
1668609029.416,SCAI-SENSEI,sensei-188,Sensomative_3001,0,0,41,0,110,125,24,150,0,24,0,0,252,Sensomative_3755,0,0,10,10,0,5,1,26,0,0,0,21,22,726,2022-11-16 14:30:29.415999889
1668609029.499,SCAI-SENSEI,sensei-188,Sensomative_3001,1,0,47,0,113,128,25,152,0,27,0,0,253,Sensomative_3755,0,0,10,10,0,5,1,26,0,0,0,21,22,746,2022-11-16 14:30:29.499000072
1668609029.615,SCAI-SENSEI,sensei-188,Sensomative_3001,3,0,51,0,116,127,24,152,0,29,0,0,254,Sensomative_3755,0,0,3,9,0,6,1,23,1,1,0,16,24,756,2022-11-16 14:30:29.615000010
1668609029.697,SCAI-SENSEI,sensei-188,Sensomative_3001,3,0,53,0,117,125,24,152,0,31,0,3,255,Sensomative_3755,0,0,3,9,0,6,1,23,1,1,0,16,24,763,2022-11-16 14:30:29.697000027
1668609029.815,SCAI-SENSEI,sensei-188,Sensomative_3001,5,0,53,0,116,123,24,153,0,30,0,5,0,Sensomative_3755,0,0,4,9,0,4,0,20,0,1,0,15,26,509,2022-11-16 14:30:29.815000057
1668609029.945,SCAI-SENSEI,sensei-188,Sensomative_3001,5,0,52,0,114,121,26,155,1,31,0,5,1,Sensomative_3755,0,0,5,12,0,6,0,24,0,1,0,14,27,511,2022-11-16 14:30:29.944999933
1668609030.028,SCAI-SENSEI,sensei-188,Sensomative_3001,6,0,51,0,113,121,27,157,1,31,0,4,2,Sensomative_3755,0,0,5,14,0,5,0,28,0,0,0,13,28,513,2022-11-16 14:30:30.028000116
1668609030.144,SCAI-SENSEI,sensei-188,Sensomative_3001,6,0,51,0,113,122,26,157,1,32,0,4,3,Sensomative_3755,0,0,5,15,0,5,0,28,0,0,0,13,29,515,2022-11-16 14:30:30.144000053
1668609030.227,SCAI-SENSEI,sensei-188,Sensomative_3001,6,0,51,0,113,121,27,158,2,33,0,5,4,Sensomative_3755,0,0,6,16,0,5,1,28,0,0,0,13,30,520,2022-11-16 14:30:30.226999998
1668609030.344,SCAI-SENSEI,sensei-188,Sensomative_3001,7,0,51,0,114,123,28,158,2,33,0,5,5,Sensomative_3755,0,0,6,16,0,6,1,27,0,0,0,13,31,526,2022-11-16 14:30:30.344000101
1668609030.426,SCAI-SENSEI,sensei-188,Sensomative_3001,8,0,51,0,115,123,28,159,2,33,1,5,6,Sensomative_3755,0,0,6,16,0,6,0,25,0,0,0,13,32,531,2022-11-16 14:30:30.426000118
1668609030.542,SCAI-SENSEI,sensei-188,Sensomative_3001,8,0,51,0,115,123,28,159,2,33,0,5,7,Sensomative_3755,0,0,6,17,0,6,1,25,0,0,0,13,33,531,2022-11-16 14:30:30.542000055
1668609030.625,SCAI-SENSEI,sensei-188,Sensomative_3001,8,0,51,0,115,123,28,160,2,34,0,5,8,Sensomative_3755,0,0,5,16,0,6,1,25,0,0,0,13,34,534,2022-11-16 14:30:30.625000000
1668609030.741,SCAI-SENSEI,sensei-188,Sensomative_3001,8,0,52,0,115,123,28,160,3,34,0,5,9,Sensomative_3755,0,0,5,17,0,6,1,24,0,1,0,13,35,537,2022-11-16 14:30:30.740999937
1668609030.823,SCAI-SENSEI,sensei-188,Sensomative_3001,8,0,51,0,115,123,28,160,3,33,1,5,10,Sensomative_3755,0,0,6,17,0,6,1,24,0,1,0,13,36,537,2022-11-16 14:30:30.822999954
1668609030.94,SCAI-SENSEI,sensei-188,Sensomative_3001,8,0,51,0,115,123,29,160,3,34,0,5,11,Sensomative_3755,0,0,5,16,0,6,1,24,0,0,0,13,37,539,2022-11-16 14:30:30.940000057
1668609031.023,SCAI-SENSEI,sensei-188,Sensomative_3001,8,0,51,0,115,123,29,161,3,34,1,5,12,Sensomative_3755,0,0,5,16,0,6,1,24,0,0,0,13,38,542,2022-11-16 14:30:31.023000002
1668609031.139,SCAI-SENSEI,sensei-188,Sensomative_3001,9,0,51,0,116,124,29,161,3,34,1,5,13,Sensomative_3755,0,0,6,16,0,6,1,24,0,0,0,13,39,546,2022-11-16 14:30:31.138999939
1668609031.222,SCAI-SENSEI,sensei-188,Sensomative_3001,8,0,51,0,116,124,28,161,3,34,1,5,14,Sensomative_3755,0,0,5,16,0,6,1,23,0,0,0,13,40,545,2022-11-16 14:30:31.221999884
1668609031.337,SCAI-SENSEI,sensei-188,Sensomative_3001,8,0,51,0,116,125,29,161,3,34,1,5,15,Sensomative_3755,0,0,5,16,0,6,0,23,0,0,0,13,41,548,2022-11-16 14:30:31.336999893
1668609031.419,SCAI-SENSEI,sensei-188,Sensomative_3001,8,0,51,0,116,125,29,162,3,34,1,5,16,Sensomative_3755,0,0,6,16,0,6,0,23,0,0,0,13,42,550,2022-11-16 14:30:31.418999910
1668609031.536,SCAI-SENSEI,sensei-188,Sensomative_3001,8,0,51,0,116,125,29,162,3,33,1,5,17,Sensomative_3755,0,0,6,16,0,6,0,24,0,0,0,12,43,550,2022-11-16 14:30:31.536000013
1668609031.619,SCAI-SENSEI,sensei-188,Sensomative_3001,8,0,51,0,116,126,29,162,3,34,1,5,18,Sensomative_3755,0,0,6,15,0,6,0,23,0,0,0,12,44,553,2022-11-16 14:30:31.618999958
1668609031.734,SCAI-SENSEI,sensei-188,Sensomative_3001,9,0,51,1,116,125,29,163,3,34,1,5,19,Sensomative_3755,0,0,6,16,0,6,0,23,0,0,0,12,45,556,2022-11-16 14:30:31.733999968
1668609031.818,SCAI-SENSEI,sensei-188,Sensomative_3001,9,0,51,1,116,125,29,163,3,34,1,4,20,Sensomative_3755,0,0,6,16,0,6,0,22,0,1,0,12,46,556,2022-11-16 14:30:31.818000078
1668609031.934,SCAI-SENSEI,sensei-188,Sensomative_3001,8,0,51,1,116,126,29,163,3,33,1,5,21,Sensomative_3755,0,0,6,16,0,6,0,22,0,0,0,12,47,557,2022-11-16 14:30:31.934000015
1668609032.017,SCAI-SENSEI,sensei-188,Sensomative_3001,9,0,51,1,116,126,29,163,3,34,1,4,22,Sensomative_3755,0,0,6,15,0,6,0,22,0,1,0,12,48,559,2022-11-16 14:30:32.016999960
1668609032.132,SCAI-SENSEI,sensei-188,Sensomative_3001,9,0,51,1,117,126,29,163,3,34,1,4,23,Sensomative_3755,0,0,6,15,0,7,0,23,0,0,0,12,49,561,2022-11-16 14:30:32.131999969
1668609032.216,SCAI-SENSEI,sensei-188,Sensomative_3001,9,0,51,1,116,126,29,163,3,34,1,4,24,Sensomative_3755,0,0,6,15,0,7,0,22,0,0,0,12,50,561,2022-11-16 14:30:32.216000080
1668609032.348,SCAI-SENSEI,sensei-188,Sensomative_3001,9,0,51,1,116,126,29,164,3,35,1,4,25,Sensomative_3755,0,0,7,15,0,7,0,22,0,0,0,12,51,564,2022-11-16 14:30:32.348000050
1668609032.414,SCAI-SENSEI,sensei-188,Sensomative_3001,9,0,51,1,116,127,29,164,3,34,1,4,26,Sensomative_3755,0,0,6,16,0,7,0,23,0,0,0,12,52,565,2022-11-16 14:30:32.414000034
1668609032.547,SCAI-SENSEI,sensei-188,Sensomative_3001,9,0,51,1,117,127,29,164,3,35,1,4,27,Sensomative_3755,0,0,6,17,0,7,0,23,0,1,0,12,53,568,2022-11-16 14:30:32.546999931
1668609032.613,SCAI-SENSEI,sensei-188,Sensomative_3001,9,0,51,1,117,127,29,164,4,35,1,3,28,Sensomative_3755,0,0,6,17,0,7,0,23,0,1,0,12,53,569,2022-11-16 14:30:32.612999916
1668609032.745,SCAI-SENSEI,sensei-188,Sensomative_3001,9,0,51,1,116,128,29,165,3,34,1,4,29,Sensomative_3755,0,0,6,16,0,7,0,23,0,0,0,13,55,570,2022-11-16 14:30:32.744999886
1668609032.811,SCAI-SENSEI,sensei-188,Sensomative_3001,9,0,51,1,117,128,29,165,3,34,1,3,30,Sensomative_3755,0,0,6,16,0,7,0,23,0,0,0,13,55,571,2022-11-16 14:30:32.811000109
1668609032.943,SCAI-SENSEI,sensei-188,Sensomative_3001,8,0,51,1,117,128,29,165,3,34,1,4,31,Sensomative_3755,0,0,5,17,0,7,0,23,0,0,0,12,57,572,2022-11-16 14:30:32.943000078
1668609033.059,SCAI-SENSEI,sensei-188,Sensomative_3001,9,0,53,1,117,128,29,165,4,34,1,4,32,Sensomative_3755,0,0,5,17,0,7,0,23,0,0,0,12,58,577,2022-11-16 14:30:33.059000015
1668609033.142,SCAI-SENSEI,sensei-188,Sensomative_3001,8,0,51,1,117,128,30,166,4,34,1,3,33,Sensomative_3755,0,0,5,17,0,7,0,23,0,1,0,12,59,576,2022-11-16 14:30:33.141999960
1668609033.259,SCAI-SENSEI,sensei-188,Sensomative_3001,8,0,52,1,117,128,29,165,3,34,1,4,34,Sensomative_3755,0,0,5,17,0,7,0,23,0,0,0,12,60,576,2022-11-16 14:30:33.259000063
1668609033.342,SCAI-SENSEI,sensei-188,Sensomative_3001,8,0,52,1,118,128,29,165,3,34,1,4,35,Sensomative_3755,0,0,5,17,0,7,0,22,0,0,0,12,61,578,2022-11-16 14:30:33.342000008
1668609033.457,SCAI-SENSEI,sensei-188,Sensomative_3001,8,0,52,1,117,128,29,166,3,34,1,4,36,Sensomative_3755,0,0,5,17,0,7,1,23,0,0,0,12,62,579,2022-11-16 14:30:33.457000017
1668609033.54,SCAI-SENSEI,sensei-188,Sensomative_3001,8,0,52,1,118,129,30,166,3,34,1,4,37,Sensomative_3755,0,0,5,17,0,7,1,22,0,0,0,12,63,583,2022-11-16 14:30:33.539999962
1668609033.657,SCAI-SENSEI,sensei-188,Sensomative_3001,8,0,52,1,118,129,29,166,3,34,1,3,38,Sensomative_3755,0,0,5,17,0,7,0,22,0,1,0,12,64,582,2022-11-16 14:30:33.657000065
1668609033.739,SCAI-SENSEI,sensei-188,Sensomative_3001,8,0,52,1,118,129,29,166,3,34,1,4,39,Sensomative_3755,0,0,5,18,0,7,1,22,0,0,0,12,65,584,2022-11-16 14:30:33.739000082
1668609033.855,SCAI-SENSEI,sensei-188,Sensomative_3001,8,0,52,1,117,129,29,166,3,34,1,3,40,Sensomative_3755,0,0,5,18,0,7,1,22,0,0,0,12,66,583,2022-11-16 14:30:33.855000019
1668609033.938,SCAI-SENSEI,sensei-188,Sensomative_3001,6,0,52,1,117,130,28,167,3,33,0,1,41,Sensomative_3755,0,0,5,17,0,7,1,21,0,0,0,12,67,579,2022-11-16 14:30:33.937999964
1668609034.054,SCAI-SENSEI,sensei-188,Sensomative_3001,1,0,50,1,119,138,29,170,2,28,0,0,42,Sensomative_3755,0,0,4,18,0,5,0,18,0,0,0,19,68,580,2022-11-16 14:30:34.053999901
1668609034.136,SCAI-SENSEI,sensei-188,Sensomative_3001,1,0,47,1,121,145,31,172,1,24,0,0,43,Sensomative_3755,0,1,6,19,0,3,2,3,0,0,0,23,69,586,2022-11-16 14:30:34.135999918
1668609034.254,SCAI-SENSEI,sensei-188,Sensomative_3001,0,0,46,0,120,145,31,166,2,24,0,0,44,Sensomative_3755,0,0,4,9,0,1,4,0,0,0,0,27,70,578,2022-11-16 14:30:34.253999949
1668609034.335,SCAI-SENSEI,sensei-188,Sensomative_3001,0,0,49,0,121,139,31,154,2,28,0,0,45,Sensomative_3755,0,1,2,1,0,0,2,0,0,0,0,21,71,569,2022-11-16 14:30:34.335000038
1668609034.468,SCAI-SENSEI,sensei-188,Sensomative_3001,0,0,57,1,125,133,28,143,3,35,1,0,46,Sensomative_3755,0,1,2,0,0,0,1,0,0,0,0,0,72,572,2022-11-16 14:30:34.467999935
1668609034.534,SCAI-SENSEI,sensei-188,Sensomative_3001,10,0,82,8,110,85,10,89,10,53,5,29,47,Sensomative_3755,0,0,1,0,0,0,0,0,0,0,0,0,73,538,2022-11-16 14:30:34.533999919
1668609034.666,SCAI-SENSEI,sensei-188,Sensomative_3001,24,0,57,8,37,25,3,28,12,32,11,29,48,Sensomative_3755,0,0,1,0,0,0,0,0,0,0,0,0,74,314,2022-11-16 14:30:34.665999889
1668609034.733,SCAI-SENSEI,sensei-188,Sensomative_3001,35,2,22,9,29,8,0,14,10,15,7,7,49,Sensomative_3755,0,0,1,0,0,0,0,0,0,0,0,0,75,207,2022-11-16 14:30:34.733000040
1668609034.865,SCAI-SENSEI,sensei-188,Sensomative_3001,39,1,13,7,28,5,0,11,7,10,5,2,50,Sensomative_3755,0,0,1,0,0,0,0,0,0,0,0,0,76,178,2022-11-16 14:30:34.865000010
1668609034.932,SCAI-SENSEI,sensei-188,Sensomative_3001,35,1,7,6,24,2,0,10,3,5,4,0,51,Sensomative_3755,0,0,1,0,0,0,0,0,0,0,0,0,77,148,2022-11-16 14:30:34.931999922
1668609035.064,SCAI-SENSEI,sensei-188,Sensomative_3001,28,1,2,5,19,1,0,10,3,3,3,0,52,Sensomative_3755,0,0,0,0,0,0,0,0,0,0,0,0,78,127,2022-11-16 14:30:35.063999891
1668609035.147,SCAI-SENSEI,sensei-188,Sensomative_3001,21,0,2,4,17,0,0,9,3,2,2,0,53,Sensomative_3755,0,0,1,0,0,0,0,0,0,0,0,0,79,113,2022-11-16 14:30:35.147000074
1668609035.261,SCAI-SENSEI,sensei-188,Sensomative_3001,17,0,0,3,15,0,0,8,2,1,1,0,54,Sensomative_3755,0,0,1,0,0,0,0,0,0,0,0,0,80,101,2022-11-16 14:30:35.260999918
1668609035.347,SCAI-SENSEI,sensei-188,Sensomative_3001,15,0,0,2,14,0,0,7,2,0,1,0,55,Sensomative_3755,0,0,0,0,0,0,0,0,0,0,0,0,81,96,2022-11-16 14:30:35.346999884
1668609035.459,SCAI-SENSEI,sensei-188,Sensomative_3001,14,0,0,1,13,0,0,6,2,0,0,0,56,Sensomative_3755,0,0,1,0,0,0,0,0,0,0,0,0,82,92,2022-11-16 14:30:35.459000111
1668609035.544,SCAI-SENSEI,sensei-188,Sensomative_3001,14,0,0,1,12,0,0,7,1,0,0,0,57,Sensomative_3755,0,0,0,0,0,0,0,0,0,0,0,0,83,92,2022-11-16 14:30:35.543999910
1668609035.659,SCAI-SENSEI,sensei-188,Sensomative_3001,12,0,0,1,10,0,0,6,0,0,0,0,58,Sensomative_3755,0,0,1,0,0,0,0,0,0,0,0,0,84,87,2022-11-16 14:30:35.658999920
1668609035.743,SCAI-SENSEI,sensei-188,Sensomative_3001,11,0,0,1,10,0,0,6,0,0,0,0,59,Sensomative_3755,0,0,1,0,0,0,0,0,0,0,0,0,84,87,2022-11-16 14:30:35.743000031
1668609035.859,SCAI-SENSEI,sensei-188,Sensomative_3001,12,0,0,0,9,0,0,6,0,0,0,0,60,Sensomative_3755,0,0,1,0,0,0,0,0,0,0,0,0,86,87,2022-11-16 14:30:35.858999968
1668609035.942,SCAI-SENSEI,sensei-188,Sensomative_3001,12,0,0,0,9,0,0,6,0,0,0,0,61,Sensomative_3755,0,0,1,0,0,0,0,0,0,0,0,0,86,88,2022-11-16 14:30:35.941999912
1668609036.058,SCAI-SENSEI,sensei-188,Sensomative_3001,12,0,0,0,8,0,0,5,0,0,0,0,62,Sensomative_3755,0,0,0,0,0,0,0,0,0,0,0,0,88,87,2022-11-16 14:30:36.058000088
1668609036.174,SCAI-SENSEI,sensei-188,Sensomative_3001,12,0,0,0,9,0,0,6,0,0,0,0,63,Sensomative_3755,0,0,0,0,0,0,0,0,0,0,0,0,89,90,2022-11-16 14:30:36.174000025
1668609036.257,SCAI-SENSEI,sensei-188,Sensomative_3001,12,0,0,0,8,0,0,5,0,0,0,0,64,Sensomative_3755,0,0,0,0,0,0,0,0,0,0,0,0,90,89,2022-11-16 14:30:36.256999969
1668609036.373,SCAI-SENSEI,sensei-188,Sensomative_3001,12,0,0,0,8,0,0,5,0,0,0,0,65,Sensomative_3755,0,0,0,0,0,0,0,0,0,0,0,0,91,90,2022-11-16 14:30:36.372999907
1668609036.455,SCAI-SENSEI,sensei-188,Sensomative_3001,12,0,0,0,8,0,0,5,0,0,0,0,66,Sensomative_3755,0,0,0,0,0,0,0,0,0,0,0,0,92,91,2022-11-16 14:30:36.454999924
1668609036.587,SCAI-SENSEI,sensei-188,Sensomative_3001,12,0,0,0,8,0,0,5,0,0,0,0,67,Sensomative_3755,0,0,0,0,0,0,0,0,0,0,0,0,93,92,2022-11-16 14:30:36.586999893
1668609036.654,SCAI-SENSEI,sensei-188,Sensomative_3001,11,0,0,0,8,0,0,5,0,0,0,0,68,Sensomative_3755,0,0,1,0,0,0,0,0,0,0,0,0,94,92,2022-11-16 14:30:36.654000044
1668609036.787,SCAI-SENSEI,sensei-188,Sensomative_3001,11,0,0,0,7,0,0,4,0,0,0,0,69,Sensomative_3755,0,0,1,0,0,0,0,0,0,0,0,0,95,91,2022-11-16 14:30:36.786999941
1668609036.853,SCAI-SENSEI,sensei-188,Sensomative_3001,11,0,0,0,7,0,0,4,0,0,0,0,70,Sensomative_3755,0,0,1,0,0,0,0,0,0,0,0,0,96,92,2022-11-16 14:30:36.852999926
1668609036.986,SCAI-SENSEI,sensei-188,Sensomative_3001,10,0,0,0,8,0,0,4,0,0,0,0,71,Sensomative_3755,0,0,1,0,0,0,0,0,0,0,0,0,97,93,2022-11-16 14:30:36.986000061
1668609037.069,SCAI-SENSEI,sensei-188,Sensomative_3001,10,0,0,0,8,0,0,4,0,0,0,0,72,Sensomative_3755,0,0,1,0,0,0,0,0,0,0,0,0,98,94,2022-11-16 14:30:37.069000006
1668609037.184,SCAI-SENSEI,sensei-188,Sensomative_3001,10,0,0,0,8,0,0,4,0,0,0,0,73,Sensomative_3755,0,0,1,0,0,0,0,0,0,0,0,0,99,95,2022-11-16 14:30:37.184000015
1668609037.267,SCAI-SENSEI,sensei-188,Sensomative_3001,10,0,0,0,7,0,0,4,0,0,0,0,74,Sensomative_3755,0,0,1,0,0,0,0,0,0,0,0,0,100,95,2022-11-16 14:30:37.266999959
1668609037.382,SCAI-SENSEI,sensei-188,Sensomative_3001,10,0,0,0,8,0,0,4,0,0,0,0,75,Sensomative_3755,0,0,1,0,0,0,0,0,0,0,0,0,101,97,2022-11-16 14:30:37.381999969
1668609037.466,SCAI-SENSEI,sensei-188,Sensomative_3001,10,0,0,0,8,0,0,4,0,0,0,0,76,Sensomative_3755,0,0,0,0,0,0,0,0,0,0,0,0,102,98,2022-11-16 14:30:37.466000080
1668609037.581,SCAI-SENSEI,sensei-188,Sensomative_3001,10,0,0,0,7,0,0,4,0,0,0,0,77,Sensomative_3755,0,0,1,0,0,0,0,0,0,0,0,0,103,98,2022-11-16 14:30:37.581000090
1668609037.665,SCAI-SENSEI,sensei-188,Sensomative_3001,10,0,0,0,8,0,0,4,0,0,0,0,78,Sensomative_3755,0,0,1,0,0,0,0,0,0,0,0,0,104,100,2022-11-16 14:30:37.664999962
1668609037.78,SCAI-SENSEI,sensei-188,Sensomative_3001,10,0,0,0,7,0,0,4,0,0,0,0,79,Sensomative_3755,0,0,1,0,0,0,0,0,0,0,0,0,105,100,2022-11-16 14:30:37.779999971
1668609037.863,SCAI-SENSEI,sensei-188,Sensomative_3001,10,0,0,0,7,0,0,4,0,0,0,0,80,Sensomative_3755,0,0,1,0,0,0,0,0,0,0,0,0,106,101,2022-11-16 14:30:37.862999916
1668609037.979,SCAI-SENSEI,sensei-188,Sensomative_3001,10,0,0,0,7,0,0,4,0,0,0,0,81,Sensomative_3755,0,0,1,0,0,0,0,0,0,0,0,0,107,102,2022-11-16 14:30:37.979000092
1668609038.062,SCAI-SENSEI,sensei-188,Sensomative_3001,10,0,0,0,7,0,0,4,0,0,0,0,82,Sensomative_3755,0,0,1,0,0,0,0,0,0,0,0,0,108,103,2022-11-16 14:30:38.062000036
1668609038.178,SCAI-SENSEI,sensei-188,Sensomative_3001,10,0,0,0,7,0,0,5,0,0,0,0,83,Sensomative_3755,0,0,1,0,0,0,0,0,0,0,0,0,109,105,2022-11-16 14:30:38.177999973
1668609038.261,SCAI-SENSEI,sensei-188,Sensomative_3001,10,0,0,0,7,0,0,5,0,0,0,0,84,Sensomative_3755,0,0,1,0,0,0,0,0,0,0,0,0,110,106,2022-11-16 14:30:38.260999918
1668609038.377,SCAI-SENSEI,sensei-188,Sensomative_3001,10,0,0,0,7,0,0,5,0,0,0,0,85,Sensomative_3755,0,0,1,0,0,0,0,0,0,0,0,0,111,107,2022-11-16 14:30:38.377000093
1668609038.46,SCAI-SENSEI,sensei-188,Sensomative_3001,8,0,0,0,7,0,0,4,0,0,0,0,86,Sensomative_3755,0,0,1,0,0,0,0,0,0,0,0,0,112,105,2022-11-16 14:30:38.460000038
1668609038.576,SCAI-SENSEI,sensei-188,Sensomative_3001,7,0,0,0,7,0,0,5,0,0,0,0,87,Sensomative_3755,0,0,1,0,0,0,0,0,0,0,0,0,113,106,2022-11-16 14:30:38.575999975
1668609038.658,SCAI-SENSEI,sensei-188,Sensomative_3001,8,0,0,0,8,0,0,5,0,0,0,0,88,Sensomative_3755,0,0,1,0,0,0,0,0,0,0,0,0,114,109,2022-11-16 14:30:38.657999992
1668609038.774,SCAI-SENSEI,sensei-188,Sensomative_3001,8,0,0,0,7,0,0,5,0,0,0,0,89,Sensomative_3755,0,0,1,0,0,0,0,0,0,0,0,0,115,109,2022-11-16 14:30:38.773999929
1668609038.857,SCAI-SENSEI,sensei-188,Sensomative_3001,14,0,0,0,8,0,0,5,0,0,0,0,90,Sensomative_3755,0,0,1,0,0,0,0,0,0,0,0,0,115,117,2022-11-16 14:30:38.857000113
1668609038.974,SCAI-SENSEI,sensei-188,Sensomative_3001,41,0,1,0,4,0,0,2,0,2,0,8,91,Sensomative_3755,0,0,1,0,0,0,0,0,0,0,0,0,117,149,2022-11-16 14:30:38.973999977
1668609039.058,SCAI-SENSEI,sensei-188,Sensomative_3001,15,0,80,0,78,37,0,74,0,45,0,37,92,Sensomative_3755,0,0,0,0,0,0,0,0,0,0,0,0,118,458,2022-11-16 14:30:39.058000088
1668609039.189,SCAI-SENSEI,sensei-188,Sensomative_3001,4,0,44,0,98,98,16,132,0,26,0,4,93,Sensomative_3755,0,0,1,0,0,0,0,0,0,0,0,0,119,515,2022-11-16 14:30:39.188999891
1668609039.305,SCAI-SENSEI,sensei-188,Sensomative_3001,0,0,32,0,96,100,18,123,0,19,0,0,94,Sensomative_3755,0,0,5,0,0,0,1,0,0,0,0,4,120,482,2022-11-16 14:30:39.305000067
1668609039.387,SCAI-SENSEI,sensei-188,Sensomative_3001,0,0,32,0,112,116,28,148,0,19,0,0,95,Sensomative_3755,0,0,7,0,0,0,2,5,0,2,0,19,121,550,2022-11-16 14:30:39.387000084
1668609039.503,SCAI-SENSEI,sensei-188,Sensomative_3001,0,0,40,0,115,119,29,150,0,18,0,0,96,Sensomative_3755,0,0,10,13,0,5,2,32,0,4,0,25,122,567,2022-11-16 14:30:39.503000020
1668609039.587,SCAI-SENSEI,sensei-188,Sensomative_3001,0,0,48,0,116,119,28,153,0,22,0,0,97,Sensomative_3755,0,0,6,11,0,5,5,32,2,4,0,15,123,583,2022-11-16 14:30:39.586999893
1668609039.701,SCAI-SENSEI,sensei-188,Sensomative_3001,0,0,55,0,117,118,28,153,0,29,0,0,98,Sensomative_3755,0,0,4,8,0,5,5,27,2,3,0,9,124,598,2022-11-16 14:30:39.700999975
1668609039.785,SCAI-SENSEI,sensei-188,Sensomative_3001,0,0,53,0,117,115,28,153,0,30,0,0,99,Sensomative_3755,0,0,4,8,0,2,3,25,1,3,0,6,125,595,2022-11-16 14:30:39.785000086
1668609039.901,SCAI-SENSEI,sensei-188,Sensomative_3001,0,0,52,0,118,118,27,149,0,32,0,0,100,Sensomative_3755,0,0,4,10,0,3,2,26,1,3,0,7,126,596,2022-11-16 14:30:39.901000023
1668609039.983,SCAI-SENSEI,sensei-188,Sensomative_3001,0,0,51,0,118,121,27,149,0,32,0,0,101,Sensomative_3755,0,0,6,16,0,7,3,28,1,2,0,6,127,599,2022-11-16 14:30:39.983000040
1668609040.099,SCAI-SENSEI,sensei-188,Sensomative_3001,0,0,51,0,119,122,27,147,0,33,0,0,102,Sensomative_3755,0,0,6,20,0,7,3,28,2,2,0,6,128,601,2022-11-16 14:30:40.098999977
1668609040.182,SCAI-SENSEI,sensei-188,Sensomative_3001,1,0,51,0,119,121,27,149,1,33,0,0,103,Sensomative_3755,0,0,6,21,0,7,4,27,2,2,0,5,129,605,2022-11-16 14:30:40.181999922
1668609040.299,SCAI-SENSEI,sensei-188,Sensomative_3001,1,0,51,0,119,121,28,149,1,33,0,0,104,Sensomative_3755,0,0,6,22,0,8,4,27,3,2,0,5,130,607,2022-11-16 14:30:40.299000025
1668609040.381,SCAI-SENSEI,sensei-188,Sensomative_3001,1,0,51,0,119,121,28,150,1,33,0,0,105,Sensomative_3755,0,0,6,23,0,8,4,28,2,2,0,5,131,609,2022-11-16 14:30:40.381000042
1668609040.498,SCAI-SENSEI,sensei-188,Sensomative_3001,1,0,51,0,119,121,28,151,1,34,0,0,106,Sensomative_3755,0,1,6,23,0,8,3,27,2,2,0,5,132,612,2022-11-16 14:30:40.497999907
1668609040.58,SCAI-SENSEI,sensei-188,Sensomative_3001,1,0,51,0,120,121,28,151,2,34,0,0,107,Sensomative_3755,0,1,6,22,0,7,3,27,3,2,0,5,133,615,2022-11-16 14:30:40.579999924
1668609040.696,SCAI-SENSEI,sensei-188,Sensomative_3001,2,0,51,0,120,121,28,152,1,34,0,0,108,Sensomative_3755,0,1,6,22,0,7,3,27,2,2,0,5,134,617,2022-11-16 14:30:40.696000099
1668609040.777,SCAI-SENSEI,sensei-188,Sensomative_3001,2,0,52,0,120,120,28,152,2,34,0,0,109,Sensomative_3755,0,1,6,22,0,7,3,26,2,3,1,4,135,619,2022-11-16 14:30:40.776999950
1668609040.895,SCAI-SENSEI,sensei-188,Sensomative_3001,2,0,52,0,120,121,29,152,1,33,0,0,110,Sensomative_3755,0,1,6,22,0,8,3,27,2,2,0,4,136,620,2022-11-16 14:30:40.894999981
1668609040.976,SCAI-SENSEI,sensei-188,Sensomative_3001,2,0,51,0,120,120,28,153,2,34,0,0,111,Sensomative_3755,0,1,6,23,0,8,3,27,2,2,0,5,137,621,2022-11-16 14:30:40.976000071
1668609041.093,SCAI-SENSEI,sensei-188,Sensomative_3001,2,0,51,0,120,120,29,153,2,34,0,0,112,Sensomative_3755,0,1,6,23,0,8,3,27,2,3,1,4,138,623,2022-11-16 14:30:41.092999935
1668609041.173,SCAI-SENSEI,sensei-188,Sensomative_3001,2,0,51,0,120,121,29,153,2,34,0,0,113,Sensomative_3755,0,1,6,22,0,8,3,26,2,3,1,4,139,625,2022-11-16 14:30:41.173000097
1668609041.307,SCAI-SENSEI,sensei-188,Sensomative_3001,2,0,51,0,121,121,29,154,2,34,0,0,114,Sensomative_3755,0,1,6,22,0,8,2,26,2,2,1,4,140,628,2022-11-16 14:30:41.306999922
1668609041.372,SCAI-SENSEI,sensei-188,Sensomative_3001,3,0,51,0,121,121,29,154,2,34,0,0,115,Sensomative_3755,0,1,7,22,0,7,2,26,2,2,1,4,141,630,2022-11-16 14:30:41.371999979
1668609041.506,SCAI-SENSEI,sensei-188,Sensomative_3001,3,0,51,0,121,121,29,155,2,35,0,0,116,Sensomative_3755,0,1,7,22,0,7,2,26,2,2,1,4,142,633,2022-11-16 14:30:41.506000042
1668609041.574,SCAI-SENSEI,sensei-188,Sensomative_3001,3,0,51,0,121,121,30,155,2,34,0,0,117,Sensomative_3755,0,1,7,23,0,8,2,26,2,2,1,4,143,634,2022-11-16 14:30:41.573999882
1668609041.704,SCAI-SENSEI,sensei-188,Sensomative_3001,3,0,51,0,121,122,29,155,2,35,0,0,118,Sensomative_3755,0,1,7,23,0,7,2,26,2,2,1,3,144,636,2022-11-16 14:30:41.703999996
1668609041.786,SCAI-SENSEI,sensei-188,Sensomative_3001,3,0,52,0,121,122,30,155,2,35,0,0,119,Sensomative_3755,0,1,7,23,0,7,2,26,2,2,1,3,145,639,2022-11-16 14:30:41.786000013
1668609041.903,SCAI-SENSEI,sensei-188,Sensomative_3001,3,0,52,0,121,121,30,155,2,35,0,0,120,Sensomative_3755,0,1,7,23,0,8,2,26,2,2,0,4,146,639,2022-11-16 14:30:41.903000116
1668609041.988,SCAI-SENSEI,sensei-188,Sensomative_3001,3,0,52,0,121,121,30,156,2,34,0,0,121,Sensomative_3755,0,1,7,23,0,8,2,26,2,2,0,4,146,640,2022-11-16 14:30:41.987999916
1668609042.102,SCAI-SENSEI,sensei-188,Sensomative_3001,3,0,52,0,121,122,30,156,2,35,0,0,122,Sensomative_3755,0,1,7,22,0,7,2,26,2,2,0,4,148,643,2022-11-16 14:30:42.101999998
1668609042.187,SCAI-SENSEI,sensei-188,Sensomative_3001,3,0,52,0,121,122,30,156,2,34,0,0,123,Sensomative_3755,0,1,7,22,0,7,2,26,2,2,0,4,148,643,2022-11-16 14:30:42.187000036
1668609042.303,SCAI-SENSEI,sensei-188,Sensomative_3001,3,0,52,0,121,122,30,156,2,35,0,0,124,Sensomative_3755,0,1,7,22,0,7,2,26,2,2,1,4,150,645,2022-11-16 14:30:42.302999973
1668609042.417,SCAI-SENSEI,sensei-188,Sensomative_3001,3,0,53,0,121,123,30,156,2,35,0,0,125,Sensomative_3755,0,1,7,22,0,7,2,26,2,2,0,4,151,648,2022-11-16 14:30:42.417000055
1668609042.501,SCAI-SENSEI,sensei-188,Sensomative_3001,3,0,51,0,122,123,30,156,2,34,0,0,126,Sensomative_3755,0,1,7,22,0,7,2,26,2,2,1,4,152,647,2022-11-16 14:30:42.500999928
1668609042.615,SCAI-SENSEI,sensei-188,Sensomative_3001,3,0,51,0,122,122,30,156,2,34,0,0,127,Sensomative_3755,0,1,7,22,0,8,2,26,2,2,1,4,153,647,2022-11-16 14:30:42.615000010
1668609042.7,SCAI-SENSEI,sensei-188,Sensomative_3001,3,0,52,0,122,122,30,156,2,34,0,0,128,Sensomative_3755,0,1,7,23,0,7,2,26,2,2,1,4,154,649,2022-11-16 14:30:42.700000048
1668609042.815,SCAI-SENSEI,sensei-188,Sensomative_3001,3,0,52,0,122,122,30,156,2,35,0,0,129,Sensomative_3755,0,1,7,23,0,8,2,26,2,2,1,4,155,651,2022-11-16 14:30:42.815000057
1668609042.898,SCAI-SENSEI,sensei-188,Sensomative_3001,3,0,52,0,122,122,30,157,2,34,0,0,130,Sensomative_3755,0,1,7,23,0,8,2,27,2,2,1,4,156,652,2022-11-16 14:30:42.898000002
1668609043.014,SCAI-SENSEI,sensei-188,Sensomative_3001,3,0,51,0,122,123,30,157,2,34,0,0,131,Sensomative_3755,0,1,6,24,0,8,2,27,2,2,1,4,157,653,2022-11-16 14:30:43.013999939
1668609043.097,SCAI-SENSEI,sensei-188,Sensomative_3001,3,0,51,0,122,123,30,157,2,34,0,0,132,Sensomative_3755,0,1,7,24,0,8,2,27,2,2,1,4,158,654,2022-11-16 14:30:43.096999884
1668609043.214,SCAI-SENSEI,sensei-188,Sensomative_3001,3,0,52,0,122,123,31,157,3,34,0,0,133,Sensomative_3755,0,1,6,24,0,8,2,27,2,2,0,4,159,658,2022-11-16 14:30:43.213999987
1668609043.295,SCAI-SENSEI,sensei-188,Sensomative_3001,3,0,52,0,122,124,31,157,2,34,0,0,134,Sensomative_3755,0,1,7,24,0,8,2,27,3,2,1,3,160,659,2022-11-16 14:30:43.295000076
1668609043.411,SCAI-SENSEI,sensei-188,Sensomative_3001,3,0,52,0,122,124,31,157,2,34,0,0,135,Sensomative_3755,0,1,7,24,0,7,2,27,3,2,1,4,161,660,2022-11-16 14:30:43.411000013
1668609043.495,SCAI-SENSEI,sensei-188,Sensomative_3001,3,0,52,0,122,124,31,157,2,34,0,0,136,Sensomative_3755,0,1,6,25,0,8,2,27,2,2,1,4,162,661,2022-11-16 14:30:43.494999886
1668609043.661,SCAI-SENSEI,sensei-188,Sensomative_3001,3,0,52,0,122,124,31,157,2,34,0,0,137,Sensomative_3755,0,1,6,25,0,8,2,26,3,2,1,4,163,662,2022-11-16 14:30:43.661000013
1668609043.693,SCAI-SENSEI,sensei-188,Sensomative_3001,3,0,52,0,122,124,31,157,2,34,0,0,138,Sensomative_3755,0,1,6,25,0,8,2,27,3,2,1,3,164,663,2022-11-16 14:30:43.693000078
1668609043.826,SCAI-SENSEI,sensei-188,Sensomative_3001,3,0,51,0,123,125,31,158,2,33,0,0,139,Sensomative_3755,0,1,6,24,0,8,2,27,3,2,0,3,165,665,2022-11-16 14:30:43.825999975
1668609043.943,SCAI-SENSEI,sensei-188,Sensomative_3001,2,0,51,0,122,125,31,159,2,33,0,0,140,Sensomative_3755,0,1,6,24,0,7,2,27,3,2,0,4,166,665,2022-11-16 14:30:43.943000078
1668609044.026,SCAI-SENSEI,sensei-188,Sensomative_3001,2,0,50,0,122,126,31,161,2,33,0,0,141,Sensomative_3755,0,1,6,26,0,6,2,24,3,2,0,5,167,668,2022-11-16 14:30:44.026000023
1668609044.108,SCAI-SENSEI,sensei-188,Sensomative_3001,0,0,49,0,125,130,30,163,2,30,0,0,142,Sensomative_3755,0,1,7,26,0,4,2,14,2,2,1,6,168,671,2022-11-16 14:30:44.108000040
1668609044.223,SCAI-SENSEI,sensei-188,Sensomative_3001,0,0,47,0,124,132,31,164,1,27,0,0,143,Sensomative_3755,0,2,7,20,0,2,4,2,0,0,0,16,169,669,2022-11-16 14:30:44.223000050
1668609044.291,SCAI-SENSEI,sensei-188,Sensomative_3001,0,0,49,0,120,127,31,163,1,28,0,0,144,Sensomative_3755,0,3,5,8,0,1,5,3,0,0,0,17,170,663,2022-11-16 14:30:44.290999889
1668609044.423,SCAI-SENSEI,sensei-188,Sensomative_3001,0,0,54,0,119,116,31,156,2,33,0,0,145,Sensomative_3755,0,2,2,1,0,0,2,3,0,0,1,8,171,656,2022-11-16 14:30:44.423000097
1668609044.503,SCAI-SENSEI,sensei-188,Sensomative_3001,1,0,63,0,121,105,25,139,3,36,1,0,146,Sensomative_3755,0,1,0,0,0,0,1,1,0,0,1,0,172,640,2022-11-16 14:30:44.503000020
1668609044.622,SCAI-SENSEI,sensei-188,Sensomative_3001,15,0,78,6,83,55,8,72,11,55,7,9,147,Sensomative_3755,0,0,0,0,0,0,0,1,0,0,0,0,173,546,2022-11-16 14:30:44.621999979
1668609044.704,SCAI-SENSEI,sensei-188,Sensomative_3001,25,0,45,7,34,19,0,23,9,29,8,9,148,Sensomative_3755,0,0,0,0,0,0,0,0,0,0,0,0,174,356,2022-11-16 14:30:44.703999996
1668609044.82,SCAI-SENSEI,sensei-188,Sensomative_3001,33,1,21,7,29,6,0,13,8,14,5,2,149,Sensomative_3755,0,0,0,0,0,0,0,0,0,0,0,0,175,288,2022-11-16 14:30:44.819999933
1668609044.903,SCAI-SENSEI,sensei-188,Sensomative_3001,31,1,13,6,29,3,0,10,6,8,4,1,150,Sensomative_3755,0,0,0,0,0,0,0,0,0,0,0,0,176,262,2022-11-16 14:30:44.903000116
1668609045.017,SCAI-SENSEI,sensei-188,Sensomative_3001,31,1,6,5,24,1,0,9,3,4,3,0,151,Sensomative_3755,0,0,0,0,0,0,0,0,0,0,0,0,177,238,2022-11-16 14:30:45.016999960
1668609045.098,SCAI-SENSEI,sensei-188,Sensomative_3001,23,1,2,4,20,1,0,9,3,3,3,0,152,Sensomative_3755,0,0,0,0,0,0,0,0,0,0,0,0,177,221,2022-11-16 14:30:45.098000050
1668609045.215,SCAI-SENSEI,sensei-188,Sensomative_3001,18,0,2,4,18,0,0,10,3,2,2,0,153,Sensomative_3755,0,0,0,0,0,0,0,0,0,0,0,0,179,212,2022-11-16 14:30:45.214999914
1668609045.299,SCAI-SENSEI,sensei-188,Sensomative_3001,14,0,1,3,17,0,0,10,3,1,2,0,154,Sensomative_3755,0,0,1,0,0,0,0,0,0,0,0,0,180,205,2022-11-16 14:30:45.299000025
1668609045.416,SCAI-SENSEI,sensei-188,Sensomative_3001,11,0,0,2,15,0,0,8,2,0,1,0,155,Sensomative_3755,0,0,1,0,0,0,0,0,0,0,0,0,181,194,2022-11-16 14:30:45.415999889
1668609045.532,SCAI-SENSEI,sensei-188,Sensomative_3001,10,0,0,2,13,0,0,7,1,0,0,0,156,Sensomative_3755,0,0,1,0,0,0,0,0,0,0,0,0,182,189,2022-11-16 14:30:45.532000064
1668609045.615,SCAI-SENSEI,sensei-188,Sensomative_3001,9,0,0,1,13,0,0,7,0,0,0,0,157,Sensomative_3755,0,0,1,0,0,0,0,0,0,0,0,0,183,187,2022-11-16 14:30:45.615000010
1668609045.747,SCAI-SENSEI,sensei-188,Sensomative_3001,9,0,0,1,12,0,0,6,0,0,0,0,158,Sensomative_3755,0,0,1,0,0,0,0,0,0,0,0,0,184,186,2022-11-16 14:30:45.746999979
1668609045.814,SCAI-SENSEI,sensei-188,Sensomative_3001,8,0,0,1,10,0,0,6,0,0,0,0,159,Sensomative_3755,0,0,1,0,0,0,0,0,0,0,0,0,185,184,2022-11-16 14:30:45.813999891
1668609045.947,SCAI-SENSEI,sensei-188,Sensomative_3001,8,0,0,0,9,0,0,5,0,0,0,0,160,Sensomative_3755,0,0,1,0,0,0,0,0,0,0,0,0,186,182,2022-11-16 14:30:45.947000027
1668609046.012,SCAI-SENSEI,sensei-188,Sensomative_3001,8,0,0,0,10,0,0,5,0,0,0,0,161,Sensomative_3755,0,0,1,0,0,0,0,0,0,0,0,0,187,184,2022-11-16 14:30:46.012000084
1668609046.142,SCAI-SENSEI,sensei-188,Sensomative_3001,8,0,0,0,9,0,0,4,0,0,0,0,162,Sensomative_3755,0,0,1,0,0,0,0,0,0,0,0,0,188,183,2022-11-16 14:30:46.141999960
1668609046.226,SCAI-SENSEI,sensei-188,Sensomative_3001,8,0,0,0,9,0,0,4,0,0,0,0,163,Sensomative_3755,0,0,1,0,0,0,0,0,0,0,0,0,189,184,2022-11-16 14:30:46.226000071
1668609046.343,SCAI-SENSEI,sensei-188,Sensomative_3001,8,0,0,0,9,0,0,4,0,0,0,0,164,Sensomative_3755,0,0,1,0,0,0,0,0,0,0,0,0,190,185,2022-11-16 14:30:46.342999935
1668609046.426,SCAI-SENSEI,sensei-188,Sensomative_3001,9,0,0,0,9,0,0,4,0,0,0,0,165,Sensomative_3755,0,0,1,0,0,0,0,0,0,0,0,0,191,187,2022-11-16 14:30:46.426000118
1668609046.543,SCAI-SENSEI,sensei-188,Sensomative_3001,8,0,0,0,9,0,0,4,0,0,0,0,166,Sensomative_3755,0,0,1,0,0,0,0,0,0,0,0,0,192,187,2022-11-16 14:30:46.542999983
1668609046.626,SCAI-SENSEI,sensei-188,Sensomative_3001,9,0,0,0,8,0,0,5,0,0,0,0,167,Sensomative_3755,0,0,1,0,0,0,0,0,0,0,0,0,193,189,2022-11-16 14:30:46.625999928
1668609046.739,SCAI-SENSEI,sensei-188,Sensomative_3001,9,0,0,0,8,0,0,4,0,0,0,0,168,Sensomative_3755,0,0,1,0,0,0,0,0,0,0,0,0,194,189,2022-11-16 14:30:46.739000082
1668609046.822,SCAI-SENSEI,sensei-188,Sensomative_3001,9,0,0,0,8,0,0,5,0,0,0,0,169,Sensomative_3755,0,0,1,0,0,0,0,0,0,0,0,0,195,191,2022-11-16 14:30:46.822000027
1668609046.937,SCAI-SENSEI,sensei-188,Sensomative_3001,9,0,0,0,8,0,0,5,0,0,0,0,170,Sensomative_3755,0,0,1,0,0,0,0,0,0,0,0,0,196,192,2022-11-16 14:30:46.937000036
1668609047.019,SCAI-SENSEI,sensei-188,Sensomative_3001,7,0,0,0,8,0,0,5,0,0,0,0,171,Sensomative_3755,0,0,1,0,0,0,0,0,0,0,0,0,197,191,2022-11-16 14:30:47.019000053
1668609047.139,SCAI-SENSEI,sensei-188,Sensomative_3001,7,0,0,0,8,0,0,5,0,0,0,0,172,Sensomative_3755,0,0,1,0,0,0,0,0,0,0,0,0,198,192,2022-11-16 14:30:47.138999939
1668609047.222,SCAI-SENSEI,sensei-188,Sensomative_3001,8,0,0,0,8,0,0,5,0,0,0,0,173,Sensomative_3755,0,0,1,0,0,0,0,0,0,0,0,0,199,194,2022-11-16 14:30:47.221999884
1668609047.338,SCAI-SENSEI,sensei-188,Sensomative_3001,8,0,0,0,8,0,0,5,0,0,0,0,174,Sensomative_3755,0,0,1,0,0,0,0,0,0,0,0,0,200,195,2022-11-16 14:30:47.338000059
1668609047.42,SCAI-SENSEI,sensei-188,Sensomative_3001,8,0,0,0,8,0,0,5,0,0,0,0,175,Sensomative_3755,0,0,1,0,0,0,0,0,0,0,0,0,201,196,2022-11-16 14:30:47.420000076
1668609047.536,SCAI-SENSEI,sensei-188,Sensomative_3001,8,0,0,0,8,0,0,5,0,0,0,0,176,Sensomative_3755,0,0,1,0,0,0,0,0,0,0,0,0,202,197,2022-11-16 14:30:47.536000013
1668609047.619,SCAI-SENSEI,sensei-188,Sensomative_3001,8,0,0,0,8,0,0,5,0,0,0,0,177,Sensomative_3755,0,0,1,0,0,0,0,0,0,0,0,0,203,198,2022-11-16 14:30:47.618999958
1668609047.736,SCAI-SENSEI,sensei-188,Sensomative_3001,8,0,0,0,8,0,0,5,0,0,0,0,178,Sensomative_3755,0,0,1,0,0,0,0,0,0,0,0,0,203,199,2022-11-16 14:30:47.736000061
1668609047.818,SCAI-SENSEI,sensei-188,Sensomative_3001,8,0,0,0,8,0,0,5,0,0,0,0,179,Sensomative_3755,0,0,1,0,0,0,0,0,0,0,0,0,205,200,2022-11-16 14:30:47.818000078
1668609047.935,SCAI-SENSEI,sensei-188,Sensomative_3001,8,0,0,0,8,0,0,5,0,0,0,0,180,Sensomative_3755,0,0,1,0,0,0,0,0,0,0,0,0,206,201,2022-11-16 14:30:47.934999943
1668609048.016,SCAI-SENSEI,sensei-188,Sensomative_3001,8,0,0,0,8,0,0,5,0,0,0,0,181,Sensomative_3755,0,0,1,0,0,0,0,0,0,0,0,0,207,202,2022-11-16 14:30:48.016000032
1668609048.132,SCAI-SENSEI,sensei-188,Sensomative_3001,8,0,0,0,8,0,0,5,0,0,0,0,182,Sensomative_3755,0,0,1,0,0,0,0,0,0,0,0,0,208,203,2022-11-16 14:30:48.131999969
1668609048.215,SCAI-SENSEI,sensei-188,Sensomative_3001,8,0,0,0,8,0,0,4,0,0,0,0,183,Sensomative_3755,0,0,1,0,0,0,0,0,0,0,0,0,208,203,2022-11-16 14:30:48.214999914
1668609048.382,SCAI-SENSEI,sensei-188,Sensomative_3001,8,0,0,0,8,0,0,4,0,0,0,0,184,Sensomative_3755,0,0,1,0,0,0,0,0,0,0,0,0,210,204,2022-11-16 14:30:48.381999969
1668609048.414,SCAI-SENSEI,sensei-188,Sensomative_3001,8,0,0,0,8,0,0,4,0,0,0,0,185,Sensomative_3755,0,0,1,0,0,0,0,0,0,0,0,0,210,205,2022-11-16 14:30:48.414000034
1668609048.547,SCAI-SENSEI,sensei-188,Sensomative_3001,8,0,0,0,8,0,0,4,0,0,0,0,186,Sensomative_3755,0,0,1,0,0,0,0,0,0,0,0,0,212,206,2022-11-16 14:30:48.546999931
1668609048.663,SCAI-SENSEI,sensei-188,Sensomative_3001,8,0,0,0,8,0,0,4,0,0,0,0,187,Sensomative_3755,0,0,0,0,0,0,0,0,0,0,0,0,213,207,2022-11-16 14:30:48.663000107
1668609048.74,SCAI-SENSEI,sensei-188,Sensomative_3001,8,0,0,0,8,0,0,4,0,0,0,0,188,Sensomative_3755,0,0,0,0,0,0,0,0,0,0,0,0,214,208,2022-11-16 14:30:48.740000010
